accession_id	sequenced_by	name	country	lat	long	collector	cs_number	admixture_group
88	Monsanto	CYR	FRA	47.4	0.683333	Valerie Le Corre	CS76790	western_europe
108	Monsanto	LDV-18	FRA	48.5167	-4.06667	Valerie Le Corre	CS77013	western_europe
139	Monsanto	LDV-46	FRA	48.5167	-4.06667	Valerie Le Corre	CS77014	western_europe
159	Monsanto	MAR2-3	FRA	47.35	3.93333	Valerie Le Corre	CS77070	western_europe
265	Monsanto	PYL-6	FRA	44.65	-1.16667	Valerie Le Corre	CS77198	admixed
350	Monsanto	TOU-A1-88	FRA	46.6667	4.11667	Fabrice Roux	CS77382	western_europe
351	Monsanto	TOU-A1-89	FRA	46.6667	4.11667	Fabrice Roux	CS77383	western_europe
403	Monsanto	Zdarec3	CZE	49.3667	16.2667	Marie-Theres Hauser	CS78873	central_europe
410	Monsanto	Doubravnik7	CZE	49.4211	16.3497	Marie-Theres Hauser	CS76808	central_europe
424	Monsanto	Draha2	CZE	49.4112	16.2815	Marie-Theres Hauser	CS76812	central_europe
428	Monsanto	Borky1	CZE	49.403	16.232	Marie-Theres Hauser	CS76718	central_europe
430	Salk	Gr-1	AUT	47.0	15.5	Albert Kranz	CS76496	central_europe
470	MPI	BRR4	USA	40.8313	-87.735	Diane Byers	CS78943	germany
476	MPI	BRR12	USA	40.8313	-87.735	Diane Byers	CS78944	germany
484	MPI	BRR23	USA	40.8313	-87.735	Diane Byers	CS78945	germany
504	MPI	BRR57	USA	40.8313	-87.735	Diane Byers	CS78946	germany
506	MPI	BRR60	USA	40.8313	-87.735	Diane Byers	CS78947	germany
531	MPI	BRR107	USA	40.8313	-87.735	Diane Byers	CS78948	germany
544	MPI	LI-WP-039	USA	40.9076	-73.2089	Oliver Bossdorf	CS78949	germany
546	MPI	LI-WP-041	USA	40.9076	-73.2089	Oliver Bossdorf	CS78950	germany
628	MPI	LI-OF-061	USA	40.7777	-72.9069	Oliver Bossdorf	CS78951	western_europe
630	Monsanto	LI-OF-065	USA	40.7777	-72.9069	Oliver Bossdorf	CS77036	western_europe
680	MPI	LI-RR-096	USA	40.9447	-72.8615	Oliver Bossdorf	CS78952	germany
681	MPI	LI-RR-097	USA	40.9447	-72.8615	Oliver Bossdorf	CS78953	germany
685	MPI	LI-EF-011	USA	40.9064	-73.1493	Oliver Bossdorf	CS78954	germany
687	MPI	LI-EF-018	USA	40.9064	-73.1493	Oliver Bossdorf	CS78955	germany
728	MPI	LI-SET-019	USA	40.9352	-73.114	Oliver Bossdorf	CS78956	germany
742	MPI	LI-SET-036	USA	40.9352	-73.114	Oliver Bossdorf	CS78957	germany
763	Salk	Kar-1	KGZ	42.3	74.3667	Olivier Loudet	CS76522	asia
765	Salk	Sus-1	KGZ	42.1833	73.4	Olivier Loudet	CS76607	asia
766	Salk	Dja-1	KGZ	42.5833	73.6333	Olivier Loudet	CS76473	asia
768	Salk	Zal-1	KGZ	42.8	76.35	Olivier Loudet	CS76634	asia
772	Salk	Neo-6	TJK	37.35	72.4667	Olivier Loudet	CS76560	asia
801	Monsanto	KYC-33	USA	37.9169	-84.4639	Kathleen Donohue	CS76992	germany
853	MPI	MIA-1	USA	41.7976	-86.6691	Kathleen Donohue	CS78958	germany
854	MPI	MIA-5	USA	41.7976	-86.6691	Kathleen Donohue	CS78959	germany
867	MPI	MIC-20	USA	41.8266	-86.4366	Kathleen Donohue	CS78960	germany
868	MPI	MIC-24	USA	41.8266	-86.4366	Kathleen Donohue	CS78961	germany
870	Monsanto	MIC-31	USA	41.8266	-86.4366	Kathleen Donohue	CS77082	germany
915	Monsanto	LIN S-5	USA	41.8972	-71.4378	Kathleen Donohue	CS77040	germany
932	Monsanto	CHA-41	USA	42.3634	-71.1445	Kathleen Donohue	CS76765	western_europe
991	GMI	Ale-Stenar-41-1	SWE	55.3833	14.05	Jon Ågren	CS76651	south_sweden
992	GMI	Ale-Stenar-44-4	SWE	55.3833	14.05	Jon Ågren	CS76652	south_sweden
997	GMI	Ale-Stenar-56-14	SWE	55.3833	14.05	Jon Ågren	CS76653	south_sweden
1002	GMI	Ale-Stenar-64-24	SWE	55.3833	14.05	Jon Ågren	CS76654	south_sweden
1006	GMI	Ale-Stenar-77-31	SWE	55.3833	14.05	Jon Ågren	CS77636	south_sweden
1061	GMI	Brösarp-11-135	SWE	55.7167	14.1333	Jon Ågren	CS76727	south_sweden
1062	GMI	Brösarp-15-138	SWE	55.7167	14.1333	Jon Ågren	CS76728	south_sweden
1063	GMI	Brösarp-21-140	SWE	55.7167	14.1333	Jon Ågren	CS76729	south_sweden
1066	GMI	Brösarp-34-145	SWE	55.7167	14.1333	Jon Ågren	CS76730	south_sweden
1070	GMI	Brösarp-45-153	SWE	55.7167	14.1333	Jon Ågren	CS77643	south_sweden
1158	GMI	Aledal-6-49	SWE	56.7	16.5167	Jon Ågren	CS76656	south_sweden
1166	GMI	Aledal-14-73	SWE	56.7	16.5167	Jon Ågren	CS77651	south_sweden
1254	GMI	Tos-82-387	SWE	59.4333	17.0167	Jon Ågren	CS77379	north_sweden
1257	GMI	Tos-95-393	SWE	59.4333	17.0167	Jon Ågren	CS77380	north_sweden
1313	GMI	Ängsö-59-422	SWE	59.5667	16.8667	Jon Ågren	CS77658	admixed
1317	GMI	Ängsö-74-430	SWE	59.5667	16.8667	Jon Ågren	CS76665	admixed
1552	GMI	Sku-30	SWE	63.0833	18.3667	Jon Ågren	CS77251	north_sweden
1612	MPI	Brn-10	USA	41.9	-86.583	Diane Byers	CS78962	germany
1622	MPI	Brn-24	USA	41.9	-86.583	Diane Byers	CS78963	germany
1651	MPI	DuckLkSP38	USA	43.3431	-86.4045	Diane Byers	CS78964	germany
1652	MPI	DuckLkSP40	USA	43.3431	-86.4045	Diane Byers	CS78965	germany
1676	MPI	Haz-2	USA	41.879	-86.607	Diane Byers	CS78966	germany
1684	MPI	Haz-10	USA	41.879	-86.607	Diane Byers	CS78967	germany
1739	MPI	KBS-Mac-68	USA	42.405	-85.398	Diane Byers	CS78968	germany
1741	MPI	KBS-Mac-74	USA	42.405	-85.398	Diane Byers	CS78969	germany
1756	MPI	Ker-4	USA	42.184	-86.358	Diane Byers	CS78970	germany
1757	MPI	Ker-5	USA	42.184	-86.358	Diane Byers	CS78971	germany
1793	MPI	L-R-5	USA	41.847	-86.67	Diane Byers	CS78972	germany
1797	MPI	L-R-10	USA	41.847	-86.67	Diane Byers	CS78973	germany
1819	MPI	Lak-12	USA	41.8	-86.67	Diane Byers	CS78974	germany
1820	MPI	Lak-13	USA	41.8	-86.67	Diane Byers	CS78975	germany
1829	Monsanto	Mdn-1	USA	42.051	-86.509	Diane Byers	CS77077	germany
1834	MPI	Mdn-8	USA	42.051	-86.509	Diane Byers	CS78976	germany
1835	MPI	Mdn-10	USA	42.051	-86.509	Diane Byers	CS78977	germany
1851	MPI	MNF-Pot-10	USA	43.595	-86.2657	Diane Byers	CS78978	germany
1852	MPI	MNF-Pot-15	USA	43.595	-86.2657	Diane Byers	CS78979	germany
1853	Monsanto	MNF-Pot-21	USA	43.595	-86.2657	Diane Byers	CS77099	germany
1872	Monsanto	MNF-Pot-75	USA	43.595	-86.2657	Diane Byers	CS77100	germany
1890	Monsanto	MNF-Riv-21	USA	43.5139	-86.1859	Diane Byers	CS77101	asia
1925	Monsanto	MNF-Che-2	USA	43.5251	-86.1843	Diane Byers	CS77096	germany
1942	MPI	MNF-Che-47	USA	43.5251	-86.1843	Diane Byers	CS78980	germany
1943	MPI	MNF-Che-49	USA	43.5251	-86.1843	Diane Byers	CS78981	germany
1954	Monsanto	MNF-Jac-12	USA	43.5187	-86.1739	Diane Byers	CS77097	germany
2016	Monsanto	MNF-Pin-39	USA	43.5356	-86.1788	Diane Byers	CS77098	admixed
2017	MPI	MNF-Pin-40	USA	43.5356	-86.1788	Diane Byers	CS78982	germany
2031	MPI	Map-8	USA	42.166	-86.412	Diane Byers	CS78983	germany
2053	MPI	Map-35	USA	42.166	-86.412	Diane Byers	CS78984	germany
2057	MPI	Map-42	USA	42.166	-86.412	Diane Byers	CS77732	germany
2081	MPI	MuskSP-68	USA	43.2483	-86.3368	Diane Byers	CS78985	germany
2091	MPI	MuskSP-83	USA	43.2483	-86.3368	Diane Byers	CS78986	germany
2106	MPI	MSGA-10	USA	43.2749	-86.0891	Diane Byers	CS78987	germany
2108	MPI	MSGA-12	USA	43.2749	-86.0891	Diane Byers	CS78988	germany
2141	MPI	MSGA-61	USA	43.2749	-86.0891	Diane Byers	CS78989	germany
2159	MPI	Paw-13	USA	42.148	-86.431	Diane Byers	CS78990	germany
2166	MPI	Paw-20	USA	42.148	-86.431	Diane Byers	CS78991	germany
2171	Monsanto	Paw-26	USA	42.148	-86.431	Diane Byers	CS77164	germany
2191	MPI	Pent-7	USA	43.7623	-86.3929	Diane Byers	CS78992	germany
2202	Monsanto	Pent-23	USA	43.7623	-86.3929	Diane Byers	CS77168	admixed
2212	MPI	Pent-46	USA	43.7623	-86.3929	Diane Byers	CS78993	germany
2239	MPI	Riv-25	USA	42.184	-86.382	Diane Byers	CS78994	germany
2240	MPI	Riv-26	USA	42.184	-86.382	Diane Byers	CS78995	germany
2276	Monsanto	SLSP-31	USA	43.665	-86.496	Diane Byers	CS77254	admixed
2278	Monsanto	SLSP-35	USA	43.665	-86.496	Diane Byers	CS77255	germany
2285	MPI	SLSP-69	USA	43.665	-86.496	Diane Byers	CS78996	germany
2286	MPI	SLSP-67	USA	43.665	-86.496	Diane Byers	CS78997	germany
2317	Monsanto	Ste-40	USA	42.03	-86.514	Diane Byers	CS77278	admixed
2370	MPI	Yng-4	USA	41.865	-86.646	Diane Byers	CS78998	germany
2412	MPI	Yng-53	USA	41.865	-86.646	Diane Byers	CS78999	germany
4779	Monsanto	UKSW06-179	UK	50.4	-4.9	Eric Holub	CS78808	western_europe
4807	Monsanto	UKSW06-207	UK	50.4	-4.9	Eric Holub	CS78809	western_europe
4826	Monsanto	UKSW06-226	UK	50.4	-4.9	Eric Holub	CS78810	western_europe
4840	MPI	UKSW06-240	UK	50.4	-4.9	Eric Holub	CS79000	western_europe
4857	MPI	UKSW06-257	UK	50.3	-4.9	Eric Holub	CS79001	western_europe
4884	Monsanto	UKSW06-285	UK	50.3	-4.9	Eric Holub	CS78811	western_europe
4900	Monsanto	UKSW06-302	UK	50.3	-4.8	Eric Holub	CS78812	western_europe
4939	MPI	UKSW06-341	UK	50.4	-4.7	Eric Holub	CS79002	western_europe
4958	Monsanto	UKSW06-360	UK	50.5	-4.5	Eric Holub	CS78814	western_europe
5023	Monsanto	UKSE06-118	UK	51.3	0.5	Eric Holub	CS78799	western_europe
5104	Monsanto	UKSE06-252	UK	51.3	0.5	Eric Holub	CS78800	germany
5151	Monsanto	UKSE06-325	UK	52.2	-1.7	Eric Holub	CS78801	admixed
5165	Monsanto	UKSE06-362	UK	51.3	0.4	Eric Holub	CS78802	admixed
5210	Monsanto	UKSE06-432	UK	51.2	0.3	Eric Holub	CS78803	western_europe
5236	Monsanto	UKSE06-470	UK	51.2	0.4	Eric Holub	CS78804	western_europe
5249	MPI	UKSE06-491	UK	51.2	0.3	Eric Holub	CS79003	western_europe
5253	Monsanto	UKSE06-500	UK	51.1	0.6	Eric Holub	CS78805	western_europe
5276	Monsanto	UKSE06-533	UK	51.3	1.1	Eric Holub	CS78806	western_europe
5279	MPI	UKSE06-541	UK	51.3	1.1	Eric Holub	CS79004	western_europe
5349	Monsanto	UKSE06-639	UK	51.1	0.4	Eric Holub	CS78807	western_europe
5353	Monsanto	UKNW06-003	UK	54.5	-3.0	Eric Holub	CS78792	western_europe
5395	MPI	UKNW06-102	UK	54.4	-3.0	Eric Holub	CS79005	western_europe
5486	Monsanto	UKNW06-233	UK	54.6	-3.3	Eric Holub	CS78794	germany
5577	Monsanto	UKNW06-403	UK	54.7	-3.4	Eric Holub	CS78797	western_europe
5644	Monsanto	UKNW06-481	UK	54.4	-2.9	Eric Holub	CS78798	western_europe
5651	MPI	UKNW06-488	UK	54.4	-2.9	Eric Holub	CS79006	western_europe
5717	MPI	Bra-1	UK	54.6	-3.2	Eric Holub	CS79007	western_europe
5718	MPI	UKID11	UK	57.0	-3.4	Eric Holub	CS79008	western_europe
5720	Monsanto	Cal-2	UK	53.3	-1.6	D. Ratcliffe	CS78781	admixed
5726	Monsanto	Cnt-1	UK	51.3	1.1	Eric Holub	CS78782	western_europe
5741	Monsanto	For-2	UK	56.6	-4.1	D. Ratcliffe	CS78783	western_europe
5748	Monsanto	Kil-0	UK	56.0	-4.4	D. Ratcliffe	CS78784	germany
5757	Monsanto	Mc-1	UK	54.6	-2.3	D. Ratcliffe	CS78785	admixed
5768	Monsanto,MPI	UKID63	UK	54.1	-1.5	Eric Holub	CS78786	admixed
5772	Monsanto	Set-1	UK	54.1	-2.3	D. Ratcliffe	CS78787	admixed
5776	MPI	UKID71	UK	52.9	-1.3	Eric Holub	CS79009	western_europe
5779	Monsanto	UKID74	UK	51.0	-3.1	Eric Holub	CS78789	western_europe
5784	Monsanto	Ty-1	UK	56.4	-5.2	D. Ratcliffe	CS78790	admixed
5798	MPI	UKID93	UK	53.1	-3.3	Eric Holub	CS79010	western_europe
5800	Monsanto	UKID96	UK	57.4	-5.5	Eric Holub	CS78791	germany
5811	Monsanto	UKID107	UK	52.9	-3.1	Eric Holub	CS78778	admixed
5822	Monsanto	UKID116	UK	56.7333	-5.98333	Eric Holub	CS78780	admixed
5830	GMI	App1-12	SWE	56.3333	15.9667	Magnus Nordborg	CS76667	south_sweden
5831	GMI	App1-14	SWE	56.3333	15.9667	Magnus Nordborg	CS76668	south_sweden
5832	GMI	App1-16	SWE	56.3333	15.9667	Magnus Nordborg	CS76669	south_sweden
5836	GMI	Boo2-3	SWE	55.86	13.51	Magnus Nordborg	CS77906	south_sweden
5837	Salk	Bor-1	CZE	49.4013	16.2326	Jirina Relichov	CS76453	central_europe
5856	GMI	Dör-10	SWE	63.0167	17.4914	Magnus Nordborg	CS76806	north_sweden
5860	GMI	Dra-3	SWE	62.6814	18.0165	Magnus Nordborg	CS77913	north_sweden
5865	GMI	Dra1-4	SWE	55.76	14.12	Magnus Nordborg	CS76809	south_sweden
5867	GMI	Dra2-1	SWE	55.76	14.12	Magnus Nordborg	CS76810	south_sweden
5874	Monsanto	DraII-6	CZE	49.4112	16.2815	Jirina Relichov	CS76814	central_europe
5890	Monsanto	DraIV 1-8	CZE	49.4112	16.2815	Jirina Relichov	CS76817	central_europe
5893	Monsanto	DraIV 1-11	CZE	49.4112	16.2815	Jirina Relichov	CS76816	central_europe
5907	Monsanto	DraIV 2-9	CZE	49.4112	16.2815	Jirina Relichov	CS76818	central_europe
5921	Monsanto	DraIV 3-7	CZE	49.4112	16.2815	Jirina Relichov	CS76819	central_europe
5950	Monsanto	DraIV 5-12	CZE	49.4112	16.2815	Jirina Relichov	CS76820	central_europe
5984	Monsanto	DraIV 6-13	CZE	49.4112	16.2815	Jirina Relichov	CS76822	central_europe
5993	Monsanto	DraIV 6-22	CZE	49.4112	16.2815	Jirina Relichov	CS76823	central_europe
6008	Salk	Duk	CZE	49.1	16.2	Jirina Relichov	CS76824	central_europe
6009	GMI	Eden-1	SWE	62.877	18.177	Magnus Nordborg	CS76826	north_sweden
6010	GMI	Eden-5	SWE	62.877	18.177	Magnus Nordborg	CS78000	north_sweden
6011	GMI	Eden-6	SWE	62.877	18.177	Magnus Nordborg	CS76828	north_sweden
6012	GMI	Eden-7	SWE	62.877	18.177	Magnus Nordborg	CS76829	north_sweden
6013	GMI	Eden-9	SWE	62.877	18.177	Magnus Nordborg	CS76830	north_sweden
6016	GMI	Eds-1	SWE	62.9	18.4	Magnus Nordborg	CS76834	north_sweden
6017	GMI	Eds-9	SWE	62.9	18.4	Magnus Nordborg	CS76835	north_sweden
6019	GMI	Fjä1-2	SWE	56.06	14.29	Magnus Nordborg	CS76860	south_sweden
6020	GMI	Fjä1-5	SWE	56.06	14.29	Magnus Nordborg	CS76861	south_sweden
6021	GMI	Fjä2-4	SWE	56.06	14.29	Magnus Nordborg	CS76862	south_sweden
6022	GMI	Fjä2-6	SWE	56.06	14.29	Magnus Nordborg	CS78009	south_sweden
6023	GMI	Fly2-1	SWE	55.7509	13.3712	Magnus Nordborg	CS76863	south_sweden
6024	GMI	Fly2-2	SWE	55.7509	13.3712	Magnus Nordborg	CS76864	south_sweden
6025	GMI	Gro-3	SWE	62.6437	17.7339	Magnus Nordborg	CS76889	north_sweden
6030	GMI	Grön-5	SWE	62.806	18.1896	Magnus Nordborg	CS76893	north_sweden
6034	GMI	Hov1-7	SWE	56.1	13.74	Magnus Nordborg	CS76932	south_sweden
6035	GMI	Hov1-10	SWE	56.1	13.74	Magnus Nordborg	CS76931	south_sweden
6036	GMI	Hov3-2	SWE	56.1	13.74	Magnus Nordborg	CS76934	south_sweden
6038	GMI	Hov3-5	SWE	56.1	13.74	Magnus Nordborg	CS76935	south_sweden
6039	GMI	Hovdala-2	SWE	56.1	13.74	Torbjorn Sall	CS76937	admixed
6040	GMI	Kni-1	SWE	55.66	13.4	Magnus Nordborg	CS76970	south_sweden
6041	GMI	Lis-3	SWE	56.0328	14.775	Magnus Nordborg	CS77044	south_sweden
6042	GMI	Lom1-1	SWE	56.09	13.9	Magnus Nordborg	CS77048	admixed
6043	GMI	Löv-1	SWE	62.801	18.079	Magnus Nordborg	CS77049	north_sweden
6046	GMI	Löv-5	SWE	62.801	18.079	Magnus Nordborg	CS77050	north_sweden
6064	GMI	Nyl-2	SWE	62.9513	18.2763	Magnus Nordborg	CS77136	north_sweden
6069	GMI	Nyl-7	SWE	62.9513	18.2763	Magnus Nordborg	CS77137	north_sweden
6070	GMI	Omn-1	SWE	62.9308	18.3448	Magnus Nordborg	CS77145	north_sweden
6071	GMI	Omn-5	SWE	62.9308	18.3448	Magnus Nordborg	CS77146	north_sweden
6073	GMI	ÖMö1-7	SWE	56.1481	15.8155	Magnus Nordborg	CS77147	south_sweden
6074	GMI	Ör-1	SWE	56.4573	16.1308	Magnus Nordborg	CS77150	south_sweden
6076	GMI	Rev-2	SWE	55.6942	13.4504	Magnus Nordborg	CS77215	south_sweden
6077	GMI	Rev-3	SWE	55.6942	13.4504	Magnus Nordborg	CS78030	south_sweden
6085	GMI	Sparta-1	SWE	55.7097	13.2145	Magnus Nordborg	CS77260	south_sweden
6086	GMI	Sr:3	SWE	58.9	11.2	Ivo Cetl	CS77267	admixed
6087	GMI	Stu-2	SWE	56.4666	16.1284	Magnus Nordborg	CS78033	south_sweden
6088	GMI	Stu1-1	SWE	56.4666	16.1284	Magnus Nordborg	CS77285	south_sweden
6090	GMI	T1000	SWE	55.6525	13.2197	Mattias Jakobsson	CS77288	south_sweden
6091	GMI	T1010	SWE	55.6525	13.215	Mattias Jakobsson	CS78035	south_sweden
6092	GMI	T1020	SWE	55.6514	13.2233	Mattias Jakobsson	CS77289	south_sweden
6094	GMI	T1040	SWE	55.6494	13.2147	Mattias Jakobsson	CS77290	south_sweden
6095	GMI	T1050	SWE	55.6486	13.2161	Mattias Jakobsson	CS78039	south_sweden
6096	GMI	T1060	SWE	55.6472	13.2225	Mattias Jakobsson	CS78040	south_sweden
6097	GMI	T1070	SWE	55.6481	13.2264	Mattias Jakobsson	CS77291	south_sweden
6098	GMI	T1080	SWE	55.6561	13.2178	Mattias Jakobsson	CS77292	south_sweden
6099	GMI	T1090	SWE	55.6575	13.2386	Mattias Jakobsson	CS77293	south_sweden
6100	GMI	T1110	SWE	55.6	13.2	Mattias Jakobsson	CS77294	south_sweden
6101	GMI	T1120	SWE	55.6	13.2	Mattias Jakobsson	CS78045	south_sweden
6102	GMI	T1130	SWE	55.6	13.2	Mattias Jakobsson	CS77295	south_sweden
6104	GMI	T1160	SWE	55.7	13.2	Mattias Jakobsson	CS77296	south_sweden
6105	GMI	T450	SWE	55.7967	13.1211	Mattias Jakobsson	CS77297	south_sweden
6106	GMI	T460	SWE	55.7931	13.1186	Mattias Jakobsson	CS77298	south_sweden
6107	GMI	T470	SWE	55.7942	13.1222	Mattias Jakobsson	CS77299	south_sweden
6108	GMI	T480	SWE	55.7989	13.1206	Mattias Jakobsson	CS77300	western_europe
6109	GMI	T510	SWE	55.7936	13.1233	Mattias Jakobsson	CS77301	south_sweden
6111	GMI	T530	SWE	55.7989	13.1219	Mattias Jakobsson	CS77302	south_sweden
6112	GMI	T540	SWE	55.7967	13.1044	Mattias Jakobsson	CS77303	south_sweden
6113	GMI	T550	SWE	55.8078	13.1028	Mattias Jakobsson	CS77304	south_sweden
6114	GMI	T570	SWE	55.8097	13.1342	Mattias Jakobsson	CS77305	south_sweden
6115	GMI	T580	SWE	55.8	13.1367	Mattias Jakobsson	CS77306	south_sweden
6118	GMI	T610	SWE	55.7	13.2	Mattias Jakobsson	CS77307	south_sweden
6119	GMI	T620	SWE	55.7	13.2	Mattias Jakobsson	CS78060	south_sweden
6122	GMI	T670	SWE	55.8364	13.3075	Mattias Jakobsson	CS77308	south_sweden
6123	GMI	T680	SWE	55.8369	13.3033	Mattias Jakobsson	CS78064	south_sweden
6124	GMI	T690	SWE	55.8378	13.3092	Mattias Jakobsson	CS77309	south_sweden
6125	GMI	T710	SWE	55.8403	13.3106	Mattias Jakobsson	CS77310	south_sweden
6126	GMI	T720	SWE	55.8411	13.3047	Mattias Jakobsson	CS77311	south_sweden
6128	GMI	T740	SWE	55.8397	13.2881	Mattias Jakobsson	CS77313	south_sweden
6131	GMI	T780	SWE	55.8369	13.3181	Mattias Jakobsson	CS77315	south_sweden
6132	GMI	T790	SWE	55.8386	13.3186	Mattias Jakobsson	CS77316	south_sweden
6133	GMI	T800	SWE	55.8364	13.2906	Mattias Jakobsson	CS77317	south_sweden
6134	GMI	T810	SWE	55.8383	13.2906	Mattias Jakobsson	CS77318	south_sweden
6136	GMI	T840	SWE	55.9336	13.5519	Mattias Jakobsson	CS77319	south_sweden
6137	GMI	T850	SWE	55.9419	13.5603	Mattias Jakobsson	CS77320	south_sweden
6138	GMI	T860	SWE	55.9403	13.5511	Mattias Jakobsson	CS77321	south_sweden
6140	GMI	T880	SWE	55.9392	13.5539	Mattias Jakobsson	CS77322	south_sweden
6141	GMI	T890	SWE	55.9414	13.5542	Mattias Jakobsson	CS78079	south_sweden
6142	GMI	T900	SWE	55.9428	13.5558	Mattias Jakobsson	CS77323	south_sweden
6145	GMI	T930	SWE	55.9497	13.5533	Mattias Jakobsson	CS77324	south_sweden
6148	GMI	T960	SWE	55.9319	13.5508	Mattias Jakobsson	CS77325	south_sweden
6149	GMI	T970	SWE	55.9281	13.5481	Mattias Jakobsson	CS77326	south_sweden
6150	GMI	T980	SWE	55.9261	13.5319	Mattias Jakobsson	CS77327	south_sweden
6151	GMI	T990	SWE	55.6528	13.2244	Mattias Jakobsson	CS77328	south_sweden
6153	GMI	TAA 03	SWE	62.6425	17.7422	Mattias Jakobsson	CS77329	north_sweden
6154	GMI	TAA 04	SWE	62.6422	17.7406	Mattias Jakobsson	CS77330	north_sweden
6163	GMI	TAA 14	SWE	62.6425	17.7356	Mattias Jakobsson	CS77331	north_sweden
6166	GMI	TAA 17	SWE	62.6425	17.7372	Mattias Jakobsson	CS77332	north_sweden
6169	GMI	TÅD 01	SWE	62.8714	18.3447	Mattias Jakobsson	CS77333	north_sweden
6172	GMI	TÅD 04	SWE	62.8717	18.3436	Mattias Jakobsson	CS77335	north_sweden
6173	GMI	TÅD 05	SWE	62.8717	18.3419	Mattias Jakobsson	CS77336	north_sweden
6174	GMI	TÅD 06	SWE	62.8719	18.3422	Mattias Jakobsson	CS77337	north_sweden
6177	GMI	TÄL 03	SWE	62.6322	17.69	Mattias Jakobsson	CS77338	north_sweden
6180	GMI	TÄL 07	SWE	62.6322	17.6906	Mattias Jakobsson	CS77339	germany
6184	GMI	TBÖ 01	SWE	62.8892	18.4522	Mattias Jakobsson	CS77343	north_sweden
6188	GMI	TDr-1	SWE	55.7683	14.1386	Mattias Jakobsson	CS77345	south_sweden
6189	GMI	TDr-2	SWE	55.7686	14.1383	Mattias Jakobsson	CS77351	south_sweden
6191	GMI	TDr-4	SWE	55.7689	14.1375	Mattias Jakobsson	CS77352	south_sweden
6192	GMI	TDr-5	SWE	55.7692	14.1369	Mattias Jakobsson	CS77353	south_sweden
6193	GMI	TDr-7	SWE	55.7694	14.1347	Mattias Jakobsson	CS77354	south_sweden
6194	GMI	TDr-8	SWE	55.7706	14.1342	Mattias Jakobsson	CS77355	south_sweden
6195	GMI	TDr-9	SWE	55.7708	14.1342	Mattias Jakobsson	CS77356	south_sweden
6198	GMI	TDr-13	SWE	55.7708	14.1331	Mattias Jakobsson	CS77347	south_sweden
6201	GMI	TDr-16	SWE	55.7719	14.1211	Mattias Jakobsson	CS77348	south_sweden
6202	GMI	TDr-17	SWE	55.7717	14.1206	Mattias Jakobsson	CS77349	south_sweden
6203	GMI	TDr-18	SWE	55.7714	14.1208	Mattias Jakobsson	CS77350	south_sweden
6209	GMI	TEDEN 02	SWE	62.8836	18.1842	Mattias Jakobsson	CS77358	north_sweden
6210	GMI	TEDEN 03	SWE	62.8839	18.1836	Mattias Jakobsson	CS77359	north_sweden
6214	GMI	TFÄ 04	SWE	63.0175	18.3281	Mattias Jakobsson	CS78121	north_sweden
6216	GMI	TFÄ 06	SWE	63.0167	18.3283	Mattias Jakobsson	CS77362	north_sweden
6217	GMI	TFÄ 07	SWE	63.0169	18.3283	Mattias Jakobsson	CS77363	north_sweden
6218	GMI	TFÄ 08	SWE	63.0172	18.3283	Mattias Jakobsson	CS77364	north_sweden
6220	GMI	TGR 01	SWE	62.806	18.1896	Mattias Jakobsson	CS77365	north_sweden
6221	GMI	TGR 02	SWE	62.806	18.1896	Mattias Jakobsson	CS77366	north_sweden
6231	GMI	TNY 04	SWE	62.96	18.2844	Mattias Jakobsson	CS77368	north_sweden
6235	GMI	TOM 01	SWE	62.9611	18.3589	Mattias Jakobsson	CS77372	north_sweden
6237	GMI	TOM 03	SWE	62.9619	18.35	Mattias Jakobsson	CS77373	north_sweden
6238	GMI	TOM 04	SWE	62.9619	18.35	Mattias Jakobsson	CS77374	north_sweden
6240	GMI	TOM 06	SWE	62.9622	18.35	Mattias Jakobsson	CS77375	north_sweden
6241	GMI	TOM 07	SWE	62.9614	18.3608	Mattias Jakobsson	CS77376	north_sweden
6242	GMI	Tomegap-2	SWE	55.7	13.2	Mattias Jakobsson	CS77377	south_sweden
6243	GMI	Tottarp-2	SWE	56.27373	13.90045	Magnus Nordborg	CS77381	central_europe
6244	GMI	TRÄ 01	SWE	62.9169	18.4728	Mattias Jakobsson	CS77384	north_sweden
6252	GMI	TV-4	SWE	55.5796	14.3336	Mattias Jakobsson	CS78771	germany
6255	GMI	TV-7	SWE	55.5796	14.334	Mattias Jakobsson	CS78772	germany
6258	GMI	TV-10	SWE	55.5796	14.3336	Mattias Jakobsson	CS78767	admixed
6268	GMI	TV-22	SWE	55.5796	14.3336	Mattias Jakobsson	CS78768	germany
6276	GMI	TV-30	SWE	55.5796	14.3336	Mattias Jakobsson	CS78769	germany
6284	GMI	TV-38	SWE	55.5796	14.3336	Mattias Jakobsson	CS78770	south_sweden
6296	Monsanto	UduI 1-11	CZE	49.2771	16.6314	Jirina Relichov	CS78774	central_europe
6390	Monsanto	UduI 3-36	CZE	49.2771	16.6314	Jirina Relichov	CS78775	central_europe
6396	Monsanto	UduI 4-9	CZE	49.2771	16.6314	Jirina Relichov	CS78776	central_europe
6413	GMI	Ull3-4	SWE	56.06	13.97	Magnus Nordborg	CS78819	south_sweden
6424	Monsanto	ZdrI 1-23	CZE	49.3853	16.2544	Jirina Relichov	CS78875	central_europe
6434	Monsanto	ZdrI 2-9	CZE	49.3853	16.2544	Jirina Relichov	CS78877	admixed
6445	Monsanto	ZdrI 2-21	CZE	49.3853	16.2544	Jirina Relichov	CS78876	central_europe
6680	Salk	ANH-1	GER	51.85	6.4333	Gerhard Röbbelen	CS76437	western_europe
6739	MPI	CSHL-15	USA	40.8585	-73.4675	Catherine Weiss	CS79011	germany
6740	MPI	CSHL-17	USA	40.8585	-73.4675	Catherine Weiss	CS79012	germany
6744	Monsanto	CSHL-5	USA	40.8585	-73.4675	Catherine Weiss	CS76779	germany
6749	MPI	FM-10	USA	42.4489	-76.5072	Michael Nachman	CS79013	germany
6750	MPI	FM-11	USA	42.4489	-76.5072	Michael Nachman	CS79014	germany
6805	MPI	HS-12	USA	42.373	-71.0627	Toby Kellogg	CS79015	germany
6806	MPI	HS-17	USA	42.373	-71.0627	Toby Kellogg	CS79016	germany
6814	MPI	KNO-15	USA	41.2816	-86.621	Joy Bergelson	CS79017	germany
6830	MPI	Kz-13	KAZ	49.5	73.1	Ihsan Al-Shehbaz	CS76994	admixed
6897	Salk	Ag-0	FRA	45.0	1.3	Albert Kranz	CS76430	western_europe
6898	Salk	An-1	BEL	51.2167	4.4	Albert Kranz	CS76435	admixed
6900	GMI	Bil-5	SWE	63.324	18.484	Magnus Nordborg	CS76709	north_sweden
6901	GMI	Bil-7	SWE	63.324	18.484	Magnus Nordborg	CS76710	north_sweden
6903	Salk	Bor-4	CZE	49.4013	16.2326	Jirina Relichov	CS76454	central_europe
6904	Salk	Br-0	CZE	49.2	16.6166	Albert Kranz	CS76455	western_europe
6907	Salk	CIBC-17	UK	51.4083	-0.6383	Mick Crawley	CS76770	admixed
6908	Salk	CIBC-5	UK	51.4083	-0.6383	Mick Crawley	CS78894	western_europe
6909	GMI	Col-0	USA	38.3	-92.3	Albert Kranz	CS76778	germany
6911	Salk	Cvi-0	CPV	15.1111	-23.6167	Albert Kranz	CS76789	relict
6913	GMI	Eden-2	SWE	62.877	18.177	Magnus Nordborg	CS76827	north_sweden
6915	Salk	Ei-2	GER	50.3	6.3	Albert Kranz	CS76478	germany
6917	GMI	Fäb-2	SWE	63.0165	18.3174	Magnus Nordborg	CS76850	north_sweden
6918	GMI	Fäb-4	SWE	63.0165	18.3174	Magnus Nordborg	CS76851	north_sweden
6919	Salk	Ga-0	GER	50.3	8.0	Albert Kranz	CS76490	central_europe
6920	Salk	Got-22	GER	51.5338	9.9355	Gerhard Röbbelen	CS76884	admixed
6922	Salk	Gu-0	GER	50.3	8.0	Albert Kranz	CS76498	germany
6923	Salk	HR-10	UK	51.4083	-0.6383	Mick Crawley	CS76940	western_europe
6924	Salk	HR-5	UK	51.4083	-0.6383	Mick Crawley	CS76514	western_europe
6926	Salk	Kin-0	USA	44.46	-85.37	Albert Kranz	CS76527	western_europe
6927	Salk,MPI	KNO-10	USA	41.2816	-86.621	Joy Bergelson	CS76973	germany
6929	Salk	Kondara	TJK	38.48	68.49	Igor Vizir	CS76532	asia
6931	Salk	Kz-9	KAZ	49.5	73.1	Ihsan Al-Shehbaz	CS76537	asia
6932	MPI,GMI	Ler-1	GER	47.984	10.8719	Eric Holub	CS77021	admixed
6933	Salk	LL-0	ESP	41.59	2.49	Albert Kranz	CS77047	spain
6938	Salk	Ms-0	RUS	55.7522	37.6322	Albert Kranz	CS76555	asia
6940	Salk	Mz-0	GER	50.3	8.3	Albert Kranz	CS76557	germany
6943	Salk	NFA-10	UK	51.4083	-0.6383	Mick Crawley	CS77126	western_europe
6944	Salk	NFA-8	UK	51.4083	-0.6383	Mick Crawley	CS78913	western_europe
6945	Salk	Nok-3	NED	52.24	4.45	Albert Kranz	CS76562	germany
6951	Salk	Pu2-23	CZE	49.42	16.36	Ivo Cetl	CS76579	central_europe
6956	Salk	Pu2-7	CZE	49.42	16.36	Ivo Cetl	CS76580	central_europe
6957	Salk	Pu2-8	CZE	49.42	16.36	Ivo Cetl	CS77192	central_europe
6958	Salk	Ra-0	FRA	46.0	3.3	Albert Kranz	CS76582	western_europe
6959	Salk	Rennes-1	FRA	48.5	-1.41	Gerhard Röbbelen	CS77210	western_europe
6960	Salk	Rennes-11	FRA	48.5	-1.41	Gerhard Röbbelen	CS77211	western_europe
6961	Salk	Se-0	ESP	38.3333	-3.53333	Albert Kranz	CS76597	spain
6963	Salk	Sorbo	TJK	38.35	68.48	Igor Vizir	CS78917	asia
6966	Salk	Sq-1	UK	51.4083	-0.6383	Mick Crawley	CS77266	western_europe
6967	Salk	Sq-8	UK	51.4083	-0.6383	Mick Crawley	CS76604	western_europe
6968	Salk,GMI	Tamm-2	FIN	60.0	23.5	Outi Savolainen	CS76610	north_sweden
6969	Salk	Tamm-27	FIN	60.0	23.5	Outi Savolainen	CS77341	north_sweden
6970	Salk	Ts-1	ESP	41.7194	2.93056	Albert Kranz	CS76615	spain
6971	Salk	Ts-5	ESP	41.7194	2.93056	Albert Kranz	CS77388	spain
6973	GMI	Ull2-3	SWE	56.0648	13.9707	Magnus Nordborg	CS78817	germany
6974	GMI	Ull2-5	SWE	56.0648	13.9707	Magnus Nordborg	CS78818	south_sweden
6975	Salk	Uod-1	AUT	48.3	14.45	Marcus Koch	CS76621	central_europe
6976	Salk	Uod-7	AUT	48.3	14.45	Marcus Koch	CS78823	central_europe
6979	Salk	Wei-0	SUI	47.25	8.26	Alan Slusarenko	CS76628	central_europe
6981	MPI,Salk	Ws-2	RUS	52.3	30.0	Kenneth Feldmann	CS78920	admixed
6982	Salk	Wt-5	GER	52.3	9.3	Albert Kranz	CS76632	germany
6984	Salk	Zdr-1	CZE	49.3853	16.2544	Jirina Relichov	CS76635	central_europe
6986	Salk	Abd-0	UK	57.1539	-2.2207	R. Mitchelson	CS76429	western_europe
6987	Salk	Ak-1	GER	48.0683	7.62551	Albert Kranz	CS76431	admixed
6989	Salk	Alst-1	UK	54.8	-2.4333	Maarten Koornneef	CS76432	western_europe
6990	Salk	Amel-1	NED	53.448	5.73	Maarten Koornneef	CS76434	admixed
6992	Salk	Ang-0	BEL	50.3	5.3	Albert Kranz	CS76436	admixed
6997	Salk	Appt-1	NED	51.8333	5.5833	Maarten Koornneef	CS76440	germany
7000	Salk	Aa-0	GER	50.9167	9.57073	Albert Kranz	CS76428	germany
7002	Salk	Baa-1	NED	51.3333	6.1	Maarten Koornneef	CS76442	germany
7003	Salk	Bs-1	SUI	47.5	7.5	Albert Kranz	CS78888	admixed
7008	Salk	Benk-1	NED	52.0	5.675	Maarten Koornneef	CS76447	germany
7013	Salk	Bd-0	GER	52.4584	13.287	Albert Kranz	CS76445	south_sweden
7014	Salk	Ba-1	UK	56.5459	-4.79821	Albert Kranz	CS76441	germany
7025	Salk	Bl-1	ITA	44.5041	11.3396	Albert Kranz	CS76450	central_europe
7026	Salk	Boot-1	UK	54.4	-3.2667	Maarten Koornneef	CS76452	western_europe
7028	Salk	Bch-1	GER	49.5166	9.3166	Albert Kranz	CS76444	admixed
7031	Salk	Bsch-0	GER	50.0167	8.6667	Albert Kranz	CS76457	germany
7033	Salk,MPI	Buckhorn Pass	USA	41.3599	-122.755	Angus Murphy	CS76733	germany
7036	MPI,Salk	Bu-0	GER	50.5	9.5	Albert Kranz	CS78889	germany
7058	Mott	Bur-0	IRL	53.08	-9.07555556	Albert Kranz	CS76734	admixed
7061	Salk	Cal-0	UK	53.2699	-1.64293	Albert Kranz	CS76460	admixed
7062	Salk	Ca-0	GER	50.2981	8.26607	Albert Kranz	CS76459	germany
7063	Mott	Can-0	ESP	29.2144	-13.4811	Albert Kranz	CS76740	relict
7064	Salk	Cnt-1	UK	51.3	1.1	Eric Holub	CS76467	western_europe
7067	Mott	Ct-1	ITA	37.3	15.0	Albert Kranz	CS76786	central_europe
7068	Salk	Cerv-1	ITA	42.0	12.1	Maarten Koornneef	CS76462	italy_balkan_caucasus
7071	Salk	Chat-1	FRA	48.0717	1.33867	Maarten Koornneef	CS76463	western_europe
7072	Salk	Chi-0	RUS	53.7502	34.7361	Albert Kranz	CS76464	admixed
7077	Salk	Co-1	POR	40.12	-8.25	Albert Kranz	CS76468	italy_balkan_caucasus
7081	Salk	Co	POR	40.2077	-8.42639	George Redei	CS78895	spain
7092	Salk	Com-1	FRA	49.416	2.823	Maarten Koornneef	CS76469	western_europe
7094	Monsanto	Da-0	GER	49.8724	8.65081	Albert Kranz	CS76791	germany
7096	Salk	Di-G	FRA	47.3239	5.04278	Maarten Koornneef	CS76472	admixed
7102	Salk	Do-0	GER	50.7224	8.2372	Albert Kranz	CS76474	germany
7103	Salk	Dra-0	CZE	49.4167	16.2667	Albert Kranz	CS76476	central_europe
7106	MPI,Salk	Dr-0	GER	51.051	13.7336	Albert Kranz	CS78897	central_europe
7107	Salk	Durh-1	UK	54.7761	-1.5733	Maarten Koornneef	CS76477	western_europe
7109	Salk	Ema-1	UK	51.3	0.5	Eric Holub	CS76480	western_europe
7111	Mott	Edi-0	UK	55.9494	-3.16028	Albert Kranz	CS76831	admixed
7117	Salk	El-0	GER	51.5105	9.68253	Albert Kranz	CS76479	germany
7119	Salk	En-2	GER	50.0	8.5	Albert Kranz	CS76481	germany
7120	Salk	En-D	GER	50.0	8.5	Albert Kranz	CS76482	central_europe
7125	MPI,Salk	Er-0	GER	49.5955	11.0087	Albert Kranz	CS78898	germany
7126	Salk	Es-0	FIN	60.1997	24.5682	Albert Kranz	CS76484	admixed
7127	Salk	Est	EST	58.6656	24.9871	Brigitte Damm	CS76485	admixed
7130	Salk	Et-0	FRA	44.6447	2.56481	Albert Kranz	CS76486	western_europe
7133	Salk	Fr-2	GER	50.1102	8.6822	Albert Kranz	CS76489	germany
7138	Salk	Fi-0	GER	50.5	8.0167	Albert Kranz	CS76488	admixed
7143	Salk	Gel-1	NED	51.0167	5.86667	Maarten Koornneef	CS76492	germany
7147	Salk	Gie-0	GER	50.584	8.67825	Albert Kranz	CS76493	admixed
7158	Monsanto	Gr-5	AUT	47.0	15.5	Albert Kranz	CS76885	central_europe
7160	Salk	Gre-0	USA	43.178	-85.2532	Albert Kranz	CS76497	germany
7161	Salk	Gd-1	GER	53.5	10.5	Albert Kranz	CS76491	germany
7162	Salk	Hs-0	GER	52.24	9.44	Albert Kranz	CS76515	germany
7163	Salk	Ha-0	GER	52.3721	9.73569	Albert Kranz	CS76500	admixed
7164	Salk	Hau-0	DEN	55.675	12.5686	Albert Kranz	CS76915	south_sweden
7165	Salk	Hn-0	GER	51.3472	8.28844	Albert Kranz	CS76513	germany
7169	Salk	Hh-0	GER	54.4175	9.88682	Albert Kranz	CS76512	admixed
7177	Salk	Jm-0	CZE	49.0	15.0	Albert Kranz	CS76520	central_europe
7181	Salk	Je-0	GER	50.927	11.587	Albert Kranz	CS76518	admixed
7183	Salk	Kas-1	IND	35.0	77.0	Shauna Somerville	CS79018	asia
7186	Mott	Kn-0	LTU	54.8969	23.8924	Albert Kranz	CS76969	central_europe
7192	Salk	Kil-0	UK	55.6395	-5.66364	Albert Kranz	CS76526	germany
7199	Salk	Kl-5	GER	50.95	6.9666	Albert Kranz	CS76528	germany
7202	Salk	Kb-0	GER	50.1797	8.50861	Albert Kranz	CS76524	germany
7203	Salk	Krot-0	GER	49.631	11.5722	Thomas Mitchell-Olds	CS76534	central_europe
7207	Salk	Kyoto	JPN	35.0085	135.752	Hirokazu Tsukaya	CS76535	central_europe
7208	Salk	Lan-0	UK	55.6739	-3.78181	Albert Kranz	CS76539	germany
7209	Salk	La-0	POL	52.7333	15.2333	Albert Kranz	CS76538	admixed
7213	Mott	Ler-0	GER	47.984	10.8719	Maarten Koornneef	CS77020	admixed
7217	Salk	Lm-2	FRA	48.0	0.5	Albert Kranz	CS76545	western_europe
7218	Salk	Le-0	NED	52.1611	4.49015	Albert Kranz	CS76540	admixed
7223	Salk	Li-2:1	GER	50.3833	8.0666	Albert Kranz	CS76541	central_europe
7231	Monsanto	Li-7	GER	50.3833	8.0666	Albert Kranz	CS77035	germany
7236	Salk	Litva	LTU			Igor Vizir	CS76543	central_europe
7244	Salk	Mnz-0	GER	50.001	8.26664	Albert Kranz	CS76552	germany
7248	Salk	Mv-0	USA	41.3923	-70.6652	Albert Kranz	CS76556	germany
7250	Salk	Me-0	GER	51.9183	10.1138	Albert Kranz	CS76549	germany
7255	Salk	Mh-0	POL	50.95	20.5	Albert Kranz	CS76550	germany
7258	Salk	Nw-0	GER	50.5	8.5	Albert Kranz	CS76564	germany
7268	Salk	Np-0	GER	52.6969	10.981	Albert Kranz	CS76563	admixed
7273	Mott	No-0	GER	51.0581	13.2995	Albert Kranz	CS77128	central_europe
7276	Salk	Ob-0	GER	50.2	8.5833	Albert Kranz	CS76566	germany
7280	Salk	Old-1	GER	53.1667	8.2	Albert Kranz	CS76567	germany
7282	Salk	Or-0	GER	50.3827	8.01161	Albert Kranz	CS76568	germany
7287	Salk	Ove-0	GER	53.3422	8.42255	Albert Kranz	CS76569	germany
7288	Mott	Oy-0	NOR	60.385543	6.193019	Albert Kranz	CS77156	admixed
7296	Monsanto	Petergof	RUS	59.0	29.0	Igor Vizir	CS77170	central_europe
7298	Salk	Pi-0	AUT	47.04	10.51	Albert Kranz	CS76572	central_europe
7305	Salk	Pt-0	GER	53.476	10.6065	Albert Kranz	CS78915	admixed
7306	Salk	Pog-0	CAN	49.2655	-123.206	Albert Kranz	CS76576	western_europe
7307	Monsanto	Pn-0	FRA	48.0653	-2.96591	Albert Kranz	CS77182	western_europe
7314	Salk	Ragl-1	UK	54.3512	-3.41697	Maarten Koornneef	CS76583	admixed
7316	Salk	Rhen-1	NED	51.9667	5.56667	Maarten Koornneef	CS78916	admixed
7319	Salk	Rome-1	ITA	42.0	12.1	Maarten Koornneef	CS76590	admixed
7320	Salk	Rou-0	FRA	49.4424	1.09849	Albert Kranz	CS76591	western_europe
7322	Mott	Rsch-4	RUS	56.3	34.0	Albert Kranz	CS77222	germany
7323	Salk	Rubezhnoe-1	UKR	49.0	38.28	Igor Vizir	CS76594	asia
7327	Salk	Sf-1	ESP	41.7833	3.03333	F. Laibach	CS77246	spain
7328	Mott	Sf-2	ESP	41.7833	3.03333	Albert Kranz	CS77247	spain
7332	Salk	Seattle-0	USA	47.0	-122.2	Rick Amasino	CS76598	western_europe
7333	Salk	Sei-0	ITA	46.5438	11.5614	Albert Kranz	CS76599	central_europe
7337	Salk	Si-0	GER	50.8738	8.02341	Albert Kranz	CS76601	germany
7342	Salk	Su-0	UK	53.6473	-3.00733	Albert Kranz	CS76606	admixed
7343	Salk	Sp-0	GER	52.5339	13.181	Albert Kranz	CS76603	south_sweden
7344	Salk	Sg-1	GER	47.6667	9.5	Albert Kranz	CS76600	admixed
7346	Monsanto	Sten-0	GER	52.6058	11.8558	Albert Kranz	CS77277	south_sweden
7347	Salk	Stw-0	RUS	52.0	36.0	Albert Kranz	CS76605	central_europe
7349	Salk	Ta-0	CZE	49.5	14.5	Albert Kranz	CS76608	central_europe
7350	Salk	Tac-0	USA	47.2413	-122.459	Thomas Mitchell-Olds	CS76609	central_europe
7353	Salk	Tha-1	NED	52.08	4.3	Maarten Koornneef	CS76611	admixed
7354	Salk	Ting-1	SWE	56.5	14.9	Maarten Koornneef	CS76612	south_sweden
7356	Salk,MPI	Tol-0	USA	41.6639	-83.5553	Scott Leisner	CS76614	germany
7358	MPI	Tol-2	USA	41.6639	-83.5553	Scott Leisner	CS79019	germany
7359	MPI	Tol-3	USA	41.6639	-83.5553	Scott Leisner	CS79020	germany
7372	Salk	Tscha-1	AUT	47.0748	9.9042	Maarten Koornneef	CS76616	central_europe
7373	Mott	Tsu-0	JPN	34.43	136.31	Albert Kranz	CS77389	admixed
7377	Salk	Tul-0	USA	43.2708	-85.2563	Albert Kranz	CS76618	germany
7378	Salk	Uk-1	GER	48.0333	7.7667	Albert Kranz	CS76620	admixed
7382	Salk	Utrecht	NED	52.0918	5.1145	Viola Willemsen	CS76622	admixed
7383	Salk	Van-0	CAN	49.2655	-123.206	Albert Kranz	CS76623	western_europe
7384	Salk	Ven-1	NED	52.0333	5.55	Maarten Koornneef	CS76624	admixed
7387	Salk	Vind-1	UK	54.9902	-2.3671	Maarten Koornneef	CS76625	western_europe
7394	Salk	Wa-1	POL	52.3	21.0	Albert Kranz	CS76626	admixed
7396	Mott	Ws-0.2	RUS	52.3	30.0	Albert Kranz	CS78857	central_europe
7404	Salk	Wc-1	GER	52.6	10.0667	Albert Kranz	CS76627	admixed
7411	Salk	Wl-0	GER	47.9299	10.8134	Albert Kranz	CS76630	central_europe
7413	Mott	Wil-2	LTU	54.6833	25.3167	Albert Kranz	CS78856	central_europe
7415	Mott	Wu-0	GER	49.7878	9.9361	Albert Kranz	CS78858	germany
7416	Salk	Yo-0	USA	37.45	-119.35	Albert Kranz	CS76633	germany
7417	Mott	Zu-0	SUI	47.3667	8.55	Albert Kranz	CS78880	western_europe
7418	Monsanto	Zu-1	SUI	47.3667	8.55	Albert Kranz	CS78881	admixed
7419	Salk	Db-1	GER	50.3058	8.32213	Albert Kranz	CS76471	germany
7424	Salk	Jl-3	CZE	49.2	16.6166	Albert Kranz	CS76519	central_europe
7427	Salk	Ko-2	DEN			Albert Kranz	CS76531	central_europe
7430	Salk	Nc-1	FRA	48.6167	6.25	Albert Kranz	CS76559	admixed
7460	Salk	Da(1)-12	CZE			Igor Vizir	CS76470	central_europe
7461	Salk	H55	CZE	49.0	15.0	Igor Vizir	CS76897	germany
7471	Salk	RLD-1	UNK			Maarten Koornneef	CS76588	admixed
7475	MPI	KEN	USA	41.767	-72.677	Massimo Pigliucci	CS79021	germany
7477	Monsanto	WAR	USA	41.7302	-71.2825	Massimo Pigliucci	CS78853	admixed
7514	Salk	RRS-7	USA	41.5609	-86.4251	Joy Bergelson	CS76593	admixed
7515	MPI,Salk	RRS-10	USA	41.5609	-86.4251	Joy Bergelson	CS76592	germany
7516	GMI	Vår2-1	SWE	55.58	14.334	Magnus Nordborg	CS78830	germany
7517	GMI	Vår2-6	SWE	55.58	14.334	Magnus Nordborg	CS78831	germany
7520	Salk	Lp2-2	CZE	49.38	16.81	Ivo Cetl	CS76546	central_europe
7521	Salk	Lp2-6	CZE	49.38	16.81	Ivo Cetl	CS77052	central_europe
7523	Salk	Pna-17	USA	42.0945	-86.3253	Joy Bergelson	CS76575	germany
7525	Salk	Rmx-A180	USA	42.036	-86.511	Joy Bergelson	CS77218	germany
7529	MPI	627RMX-1MN4	USA	42.0333	-86.5128	Justin Borevitz	CS79022	germany
7530	MPI	627RMX-1MN5	USA	42.0333	-86.5128	Justin Borevitz	CS79023	germany
7566	MPI	627ME-13Y1	USA	42.093	-86.359	Justin Borevitz	CS78367	germany
7568	MPI	627ME-1MI1	USA	42.093	-86.359	Justin Borevitz	CS79024	germany
7717	Monsanto	KNO1.37	USA	41.273	-86.625	Megan Dunning	CS76972	germany
7757	MPI	KNO2.41	USA	41.273	-86.625	Megan Dunning	CS79025	germany
7767	MPI	KNO2.54	USA	41.273	-86.625	Megan Dunning	CS79026	germany
7917	Monsanto	PNA3.10	USA	42.0945	-86.3253	Megan Dunning	CS77183	germany
7947	Monsanto	PNA3.40	USA	42.0945	-86.3253	Megan Dunning	CS77184	germany
8037	MPI	PT1.52	USA	41.3423	-86.7368	Megan Dunning	CS79027	germany
8057	MPI	PT1.85	USA	41.3423	-86.7368	Megan Dunning	CS79028	germany
8077	Monsanto	PT2.21	USA	41.3423	-86.7368	Megan Dunning	CS77191	germany
8132	Monsanto	RMX3.22	USA	42.036	-86.511	Megan Dunning	CS77219	germany
8171	MPI	RMX4.118	USA	42.036	-86.511	Megan Dunning	CS79029	germany
8214	Salk	Gy-0	FRA	49.0	2.0	Albert Kranz	CS78901	western_europe
8222	GMI	Lis-2	SWE	56.0328	14.775	Magnus Nordborg	CS77043	south_sweden
8227	GMI	THÖ 03	SWE	62.7989	17.9103	Mattias Jakobsson	CS77367	north_sweden
8230	GMI	Algutsrum	SWE	56.68	16.5	Magnus Nordborg	CS76657	south_sweden
8231	GMI	Brö1-6	SWE	56.3	16.0	Magnus Nordborg	CS76726	south_sweden
8233	Salk	Dem-4	USA	41.1876	-87.1923	Joy Bergelson	CS76794	germany
8234	GMI,Salk	Gul1-2	SWE	56.4606	15.8127	Magnus Nordborg	CS76896	south_sweden
8235	Salk	Hod	CZE	48.8	17.1	Jirina Relichov	CS76924	central_europe
8236	Salk	HSm	CZE	49.33	15.76	Jirina Relichov	CS76941	central_europe
8237	GMI	Kävlinge-1	SWE	55.8	13.1	Torbjorn Sall	CS76964	south_sweden
8238	Salk	Kent	UK	51.15	0.4	Magnus Nordborg	CS76967	germany
8239	Salk	PHW-3	GER	51.0	7.0	Paul Williams	CS76976	germany
8240	GMI	Kulturen-1	SWE	55.705	13.196	Torbjorn Sall	CS76987	south_sweden
8241	GMI	Liarum	SWE	55.9473	13.821	Torbjorn Sall	CS77038	south_sweden
8242	GMI	Lillö-1	SWE	56.1494	15.7884	Magnus Nordborg	CS77039	south_sweden
8243	Salk	PHW-2	ITA	43.7703	11.2547	Paul Williams	CS77173	western_europe
8244	Salk	PHW-34	FRA	48.6103	2.3086	Paul Williams	CS77174	western_europe
8246	Salk	NC-6	USA	35.0	-79.18	Joy Bergelson	CS77124	germany
8247	GMI	San-2	SWE	56.07	13.74	Magnus Nordborg	CS77233	south_sweden
8249	GMI	Vimmerby	SWE	57.7	15.8	Magnus Nordborg	CS78845	south_sweden
8256	GMI	Bå1-2	SWE	56.4	12.9	Magnus Nordborg	CS76676	admixed
8258	GMI	Bå4-1	SWE	56.4	12.9	Magnus Nordborg	CS76677	south_sweden
8259	GMI	Bå5-1	SWE	56.4	12.9	Magnus Nordborg	CS76678	south_sweden
8264	Salk	Bla-1	ESP	41.6833	2.8	Albert Kranz	CS76451	spain
8283	GMI	Dra3-1	SWE	55.76	14.12	Magnus Nordborg	CS76811	south_sweden
8284	Salk	DraII-1	CZE	49.4112	16.2815	Jirina Relichov	CS76813	central_europe
8285	Salk	DraIII-1	CZE	49.4112	16.2815	Jirina Relichov	CS76815	central_europe
8290	Salk	En-1	GER	50.0	8.5	Albert Kranz	CS76841	central_europe
8297	Salk	Ge-0	SUI	46.5	6.08	Albert Kranz	CS76875	western_europe
8306	GMI	Hov4-1	SWE	56.1	13.74	Magnus Nordborg	CS76936	south_sweden
8307	GMI	Hovdala-6	SWE	56.1	13.74	Torbjorn Sall	CS76938	south_sweden
8311	Salk	In-0	AUT	47.5	11.5	Albert Kranz	CS78903	central_europe
8312	MPI,Salk	Is-0	GER	50.5	7.5	Albert Kranz	CS78904	germany
8326	GMI	Lis-1	SWE	56.0328	14.775	Magnus Nordborg	CS77042	south_sweden
8334	GMI	Lu-1	SWE	55.71	13.2	Albert Kranz	CS77056	admixed
8335	GMI	Lund	SWE	55.71	13.2	Magnus Nordborg	CS77060	south_sweden
8337	Salk	Mir-0	ITA	44.0	12.37	Albert Kranz	CS76551	western_europe
8343	Salk	Na-1	FRA	47.5	1.5	Albert Kranz	CS76558	admixed
8351	GMI	Ost-0	SWE	60.25	18.37	Albert Kranz	CS77154	north_sweden
8354	Salk	Per-1	RUS	58.0	56.3167	Albert Kranz	CS76571	asia
8357	Salk	Pla-0	ESP	41.5	2.25	Albert Kranz	CS76573	spain
8365	Salk	Rak-2	CZE	49.0	16.0	Albert Kranz	CS77201	central_europe
8366	Salk	Rd-0	GER	50.5	8.5	Albert Kranz	CS76584	admixed
8369	GMI	Rev-1	SWE	55.6942	13.4504	Magnus Nordborg	CS77214	south_sweden
8376	GMI	Sanna-2	SWE	62.69	18.0	Magnus Nordborg	CS77234	north_sweden
8386	GMI	Sr:5	SWE	58.9	11.2	Ivo Cetl	CS77268	central_europe
8387	GMI	St-0	SWE	59.0	18.0	Albert Kranz	CS77270	germany
8419	Salk	Wil-1	LTU	54.6833	25.3167	Albert Kranz	CS78855	central_europe
8420	Salk	Kelsterbach-4	GER	50.0667	8.5333	Paul Williams	CS76525	germany
8422	GMI	Fjä1-1	SWE	56.06	14.29	Magnus Nordborg	CS76859	south_sweden
8424	Salk	Kas-2	IND	35.0	77.0	Shauna Somerville	CS78905	asia
8426	GMI	Ull1-1	SWE	56.06	13.97	Magnus Nordborg	CS78816	south_sweden
8427	GMI	Ull2-13	SWE	56.0648	13.9707	Magnus Nordborg	CS78552	south_sweden
8464	MPI	LP3413.31	USA	41.6862	-86.8513	Justin Borevitz	CS79030	germany
8483	MPI	LP3413.53	USA	41.6862	-86.8513	Justin Borevitz	CS79031	germany
8699	MPI	328PNA062	USA	42.0945	-86.3253	Justin Borevitz	CS79032	germany
8723	MPI	11PNA1.14	USA	42.0945	-86.3253	Justin Borevitz	CS79033	germany
9027	MPI	RMX413.85	USA	42.036	-86.511	Justin Borevitz	CS79034	germany
9057	GMI	Vinslöv	SWE	56.1	13.9167	Torbjorn Sall	CS78847	south_sweden
9058	GMI	Västervik	SWE	57.75	16.6333	Magnus Nordborg	CS78834	admixed
9067	Monsanto	Xan-3	AZE	38.6536	48.7992	James Beck	CS78860	italy_balkan_caucasus
9069	Monsanto	Xan-5	AZE	38.6536	48.7992	James Beck	CS78861	italy_balkan_caucasus
9070	Monsanto	Xan-6	AZE	38.6536	48.7992	James Beck	CS78862	italy_balkan_caucasus
9075	Monsanto	Lerik1-4	AZE	38.7406	48.6131	James Beck	CS77023	italy_balkan_caucasus
9078	Monsanto	Lerik1-7	AZE	38.7406	48.6131	James Beck	CS77024	italy_balkan_caucasus
9079	Monsanto	Lerik2-1	AZE	38.7833	48.5517	James Beck	CS77025	italy_balkan_caucasus
9081	Monsanto	Lerik2-3	AZE	38.7833	48.5517	James Beck	CS77026	italy_balkan_caucasus
9084	Monsanto	Lerik2-6	AZE	38.7833	48.5517	James Beck	CS77028	italy_balkan_caucasus
9085	Monsanto	Lerik2-7	AZE	38.7833	48.5517	James Beck	CS77029	italy_balkan_caucasus
9089	Monsanto	Nar-3	AZE	38.9522	48.925	James Beck	CS77119	italy_balkan_caucasus
9091	Monsanto	Nar-5	AZE	38.9522	48.925	James Beck	CS77121	italy_balkan_caucasus
9095	Monsanto	Istisu-5	AZE	38.9786	48.5594	James Beck	CS76950	italy_balkan_caucasus
9099	Monsanto	Istisu-9	AZE	38.9786	48.5594	James Beck	CS76953	italy_balkan_caucasus
9100	Monsanto	Lag1-2	GEO	41.8296	46.2831	James Beck	CS76998	italy_balkan_caucasus
9102	Monsanto	Lag1-4	GEO	41.8296	46.2831	James Beck	CS76999	italy_balkan_caucasus
9103	Monsanto	Lag1-5	GEO	41.8296	46.2831	James Beck	CS77000	italy_balkan_caucasus
9104	Monsanto	Lag1-6	GEO	41.8296	46.2831	James Beck	CS77001	italy_balkan_caucasus
9105	Monsanto	Lag1-7	GEO	41.8296	46.2831	James Beck	CS77002	italy_balkan_caucasus
9106	Monsanto	Lag1-8	GEO	41.8296	46.2831	James Beck	CS77003	italy_balkan_caucasus
9111	Monsanto	Lag2-4	GEO	41.8296	46.2831	James Beck	CS77005	italy_balkan_caucasus
9113	Monsanto	Lag2-6	GEO	41.8296	46.2831	James Beck	CS77006	italy_balkan_caucasus
9114	Monsanto	Lag2-7	GEO	41.8296	46.2831	James Beck	CS77007	italy_balkan_caucasus
9115	Monsanto	Lag2-10	GEO	41.8296	46.2831	James Beck	CS77004	italy_balkan_caucasus
9121	Monsanto	Bak-5	GEO	41.7942	43.4767	James Beck	CS76685	italy_balkan_caucasus
9125	Monsanto	Geg-14	ARM	40.1408	44.8203	James Beck	CS76876	asia
9128	Monsanto	Yeg-2	ARM	39.8692	45.3622	James Beck	CS78864	asia
9130	Monsanto	Yeg-4	ARM	39.8692	45.3622	James Beck	CS78865	asia
9131	Monsanto	Yeg-5	ARM	39.8692	45.3622	James Beck	CS78866	asia
9133	Monsanto	Yeg-7	ARM	39.8692	45.3622	James Beck	CS78867	asia
9134	Monsanto	Yeg-8	ARM	39.8692	45.3622	James Beck	CS78868	asia
9298	Monsanto	Edi-1	UK	55.9681	-3.21833	James Beck	CS76832	western_europe
9312	Monsanto	Ullapool-8	UK	57.9	-5.1525	James Beck	CS78821	western_europe
9314	Monsanto	Gol-2	UK	57.9672	-3.96722	James Beck	CS76883	western_europe
9321	GMI	Ådal 1	SWE	62.8622	18.336	Alison Anastasio	CS76643	north_sweden
9323	GMI	Ådal 3	SWE	62.8622	18.336	Alison Anastasio	CS76644	north_sweden
9332	GMI	Bar 1	SWE	62.8698	18.381	Alison Anastasio	CS76688	north_sweden
9336	GMI	Bön 1	SWE	62.8794	18.4473	Alison Anastasio	CS76715	admixed
9339	GMI	Böt 1	SWE	57.7133	15.0689	Alison Anastasio	CS76720	south_sweden
9343	GMI	Dju-1	SWE	57.3089	18.1512	Alison Anastasio	CS78896	admixed
9352	GMI	Död 2	SWE	57.2608	16.3675	Alison Anastasio	CS76797	south_sweden
9353	GMI	Död 3	SWE	57.2608	16.3675	Alison Anastasio	CS76798	south_sweden
9363	GMI	EdJ 2	SWE	62.9147	18.4045	Alison Anastasio	CS76833	north_sweden
9369	GMI	EkS 2	SWE	57.6781	14.9986	Alison Anastasio	CS76837	south_sweden
9370	GMI	EkS 3	SWE	57.6781	14.9986	Alison Anastasio	CS79035	south_sweden
9371	GMI	FäL 1	SWE	63.016	18.3175	Alison Anastasio	CS76852	north_sweden
9380	GMI	FlyA 3	SWE	55.7488	13.3742	Alison Anastasio	CS76865	south_sweden
9381	GMI	Fri 1	SWE	55.8106	14.2091	Alison Anastasio	CS76868	admixed
9382	GMI	Fri 2	SWE	55.8106	14.2091	Alison Anastasio	CS76869	admixed
9383	GMI	Fri 3	SWE	55.8106	14.2091	Alison Anastasio	CS76870	admixed
9386	GMI	Grön 12	SWE	62.806	18.1896	Alison Anastasio	CS76891	north_sweden
9388	GMI	Grön 14	SWE	62.806	18.1896	Alison Anastasio	CS76892	north_sweden
9390	GMI	Hadd-1	SWE	57.3263	15.8979	Alison Anastasio	CS78659	south_sweden
9391	GMI	Hadd-2	SWE	57.3263	15.8979	Alison Anastasio	CS76905	south_sweden
9392	GMI	Hadd-3	SWE	57.3263	15.8979	Alison Anastasio	CS76906	south_sweden
9394	GMI	Hag-2	SWE	56.5804	16.4063	Alison Anastasio	CS76907	admixed
9395	GMI	Hal-1	SWE	57.5089	15.0105	Alison Anastasio	CS76908	south_sweden
9399	GMI	Hamm-1	SWE	55.4234	13.9905	Alison Anastasio	CS76910	south_sweden
9402	GMI	Hel-3	SWE	57.8765	14.8549	Alison Anastasio	CS76918	south_sweden
9404	GMI	HolA-1 1	SWE	55.7491	13.399	Alison Anastasio	CS76926	south_sweden
9405	GMI	HolA-1 2	SWE	55.7491	13.399	Alison Anastasio	CS76927	south_sweden
9407	GMI	HolA-2 2	SWE	55.7491	13.399	Alison Anastasio	CS76928	south_sweden
9408	GMI	Kal 1	SWE	56.047	13.9519	Alison Anastasio	CS76959	south_sweden
9409	GMI	Kia 1	SWE	56.0573	14.302	Alison Anastasio	CS76968	south_sweden
9412	GMI	Kor 3	SWE	57.2746	16.1494	Alison Anastasio	CS76981	south_sweden
9413	GMI	Kor 4	SWE	57.2746	16.1494	Alison Anastasio	CS76982	south_sweden
9416	GMI	Kru-3	SWE	57.7215	18.3837	Alison Anastasio	CS76986	south_sweden
9421	GMI	Lan 1	SWE	55.9745	14.3997	Alison Anastasio	CS77009	south_sweden
9427	GMI	Näs 2	SWE	62.8815	18.4055	Alison Anastasio	CS77122	north_sweden
9433	GMI	Nyl 13	SWE	62.9513	18.2763	Alison Anastasio	CS77135	north_sweden
9436	GMI	Puk-1	SWE	56.1633	14.6806	Alison Anastasio	CS77194	south_sweden
9437	GMI	Puk-2	SWE	56.1633	14.6806	Alison Anastasio	CS77195	south_sweden
9442	GMI	Sim-1	SWE	55.5678	14.3398	Alison Anastasio	CS77250	germany
9450	GMI	Spro 1	SWE	57.2545	18.2109	Alison Anastasio	CS77263	south_sweden
9451	GMI	Spro 2	SWE	57.2545	18.2109	Alison Anastasio	CS77264	south_sweden
9452	GMI	Spro 3	SWE	57.2545	18.2109	Alison Anastasio	CS77265	south_sweden
9453	GMI	Stenk-2	SWE	57.8009	18.5162	Alison Anastasio	CS77274	south_sweden
9454	GMI	Stenk-3	SWE	57.8009	18.5162	Alison Anastasio	CS77275	south_sweden
9455	GMI	Stenk-4	SWE	57.8009	18.5162	Alison Anastasio	CS77276	south_sweden
9470	GMI	Tur-4	SWE	57.6511	14.8043	Alison Anastasio	CS77399	south_sweden
9471	GMI	Ull-A-1	SWE	56.0648	13.9707	Alison Anastasio	CS78820	south_sweden
9476	GMI	VårA 1	SWE	55.5796	14.3336	Alison Anastasio	CS78832	germany
9481	GMI	Yst-1	SWE	55.4242	13.8484	Alison Anastasio	CS78869	south_sweden
9503	Monsanto	11C1	UK	55.8877	-3.21072	Andrew Hudson	CS76640	western_europe
9506	Monsanto	IP-Alo-0	POR	40.11	-7.47	Carlos Alonso-Blanco	CS76662	admixed
9507	Monsanto	IP-Coa-0	POR	38.45	-7.5	Carlos Alonso-Blanco	CS76775	spain
9508	Monsanto	IP-Mos-1	POR	40.04	-7.11	Carlos Alonso-Blanco	CS77108	admixed
9509	Monsanto	IP-Reg-0	POR	39.29	-7.4	Carlos Alonso-Blanco	CS77207	spain
9510	Monsanto	IP-Rei-0	POR	38.75	-7.59	Carlos Alonso-Blanco	CS77208	spain
9511	Monsanto	IP-Vav-0	POR	38.53	-8.02	Carlos Alonso-Blanco	CS78835	spain
9512	Monsanto	IP-Vid-1	POR	38.22	-7.84	Carlos Alonso-Blanco	CS78842	spain
9513	Monsanto	IP-Adc-5	ESP	38.77	-4.07	Carlos Alonso-Blanco	CS76646	admixed
9514	Monsanto	IP-Adm-0	ESP	39.15	-4.54	Carlos Alonso-Blanco	CS76647	spain
9515	Monsanto	IP-Ala-0	ESP	39.72	-6.89	Carlos Alonso-Blanco	CS76650	spain
9517	Monsanto	IP-All-0	ESP	42.19	-7.8	Carlos Alonso-Blanco	CS76659	western_europe
9518	Monsanto	IP-Alm-0	ESP	39.88	-0.36	Carlos Alonso-Blanco	CS76660	spain
9519	Monsanto	IP-Ang-0	ESP	41.94	2.64	Xavier Picó	CS78886	spain
9520	Monsanto	IP-Ara-4	ESP	41.7	-3.68	Carlos Alonso-Blanco	CS76670	spain
9521	Monsanto	IP-Bar-1	ESP	41.43	2.13	Xavier Picó	CS76689	spain
9522	Monsanto	IP-Bea-0	ESP	36.52	-5.27	Carlos Alonso-Blanco	CS76695	spain
9523	Monsanto	IP-Ben-0	ESP	38.37	-2.66	Carlos Alonso-Blanco	CS76700	admixed
9524	Monsanto	IP-Ber-0	ESP	42.52	-0.56	Carlos Alonso-Blanco	CS78887	spain
9525	Monsanto	IP-Bis-0	ESP	42.49	0.54	Xavier Picó	CS76711	spain
9526	Monsanto	IP-Cab-3	ESP	41.54	2.39	Xavier Picó	CS76738	spain
9527	Monsanto	IP-Cad-0	ESP	40.37	-5.74	Carlos Alonso-Blanco	CS76739	admixed
9528	Monsanto	IP-Cal-0	ESP	40.94	-1.37	Carlos Alonso-Blanco	CS78890	spain
9529	Monsanto	IP-Cap-1	ESP	36.97	-3.36	Carlos Alonso-Blanco	CS76741	admixed
9530	Monsanto	IP-Car-1	ESP	38.25	-4.32	Carlos Alonso-Blanco	CS76742	admixed
9531	Monsanto	IP-Cdc-3	ESP	41.21	-4.54	Carlos Alonso-Blanco	CS76761	spain
9532	Monsanto	IP-Cdo-0	ESP	42.23	-4.64	Carlos Alonso-Blanco	CS76762	spain
9533	Monsanto	IP-Cem-0	ESP	41.15	-4.32	Carlos Alonso-Blanco	CS76763	relict
9534	Monsanto	IP-Cmo-3	ESP	40.05	-4.65	Carlos Alonso-Blanco	CS76774	spain
9535	Monsanto	IP-Coc-1	ESP	42.31	3.19	Xavier Picó	CS76776	spain
9536	Monsanto	IP-Cor-0	ESP	40.83	-2.0	Carlos Alonso-Blanco	CS76782	admixed
9537	Monsanto	IP-Cum-1	ESP	38.07	-6.66	Carlos Alonso-Blanco	CS76787	spain
9539	Monsanto	IP-Deh-1	ESP	40.29	-6.67	Carlos Alonso-Blanco	CS76793	spain
9540	Monsanto	IP-Elb-0	ESP	41.81	2.34	Xavier Picó	CS76838	spain
9541	Monsanto	IP-Fue-2	ESP	38.26	-5.42	Carlos Alonso-Blanco	CS76871	spain
9542	Monsanto	IP-Fun-0	ESP	40.79	-4.05	Carlos Alonso-Blanco	CS76872	relict
9543	Monsanto	IP-Gra-0	ESP	36.77	-5.39	Xavier Picó	CS76886	relict
9544	Monsanto	IP-Gua-1	ESP	39.4	-5.33	Carlos Alonso-Blanco	CS76894	spain
9545	Monsanto	IP-Her-12	ESP	39.4	-5.78	Carlos Alonso-Blanco	CS76920	relict
9546	Monsanto	IP-Hom-4	ESP	40.82	-1.68	Carlos Alonso-Blanco	CS76929	spain
9547	Monsanto	IP-Hor-0	ESP	41.67	2.62	Xavier Picó	CS76930	spain
9548	Monsanto	IP-Hoy-0	ESP	40.4	-5.0	Carlos Alonso-Blanco	CS76939	admixed
9549	Monsanto	IP-Hum-2	ESP	42.23	-3.69	Carlos Alonso-Blanco	CS76943	relict
9550	Monsanto	IP-Iso-4	ESP	43.05	-5.37	Carlos Alonso-Blanco	CS76946	relict
9551	Monsanto	IP-Jim-1	ESP	42.28	-5.92	Carlos Alonso-Blanco	CS76955	admixed
9552	Monsanto	IP-Lab-7	ESP	40.87	-4.5	Carlos Alonso-Blanco	CS76995	admixed
9553	Monsanto	IP-Ldd-0	ESP	41.58	-4.71	Carlos Alonso-Blanco	CS77012	spain
9554	Monsanto	IP-Lso-0	ESP	38.86	-3.16	Carlos Alonso-Blanco	CS77055	relict
9555	Monsanto	IP-Mar-1	ESP	39.58	-3.93	Carlos Alonso-Blanco	CS77068	relict
9556	Monsanto	IP-Men-2	ESP	39.66	-4.34	Xavier Picó	CS77081	spain
9557	Monsanto	IP-Moa-0	ESP	42.46	0.7	Carlos Alonso-Blanco	CS77102	spain
9558	Monsanto	IP-Moc-11	ESP	41.57	-5.64	Carlos Alonso-Blanco	CS77103	admixed
9559	Monsanto	IP-Mon-5	ESP	38.06	-4.38	Carlos Alonso-Blanco	CS77107	admixed
9560	Monsanto	IP-Mot-0	ESP	38.19	-6.24	Carlos Alonso-Blanco	CS77109	spain
9561	Monsanto	IP-Mun-0	ESP	40.71	-5.04	Carlos Alonso-Blanco	CS77114	admixed
9562	Monsanto	IP-Mur-0	ESP	41.67	2.0	Xavier Picó	CS77115	spain
9564	Monsanto	IP-Nog-17	ESP	40.45	-1.6	Xavier Picó	CS77129	spain
9565	Monsanto	IP-Orb-10	ESP	42.97	-1.23	Carlos Alonso-Blanco	CS77152	admixed
9567	Monsanto	IP-Pal-0	ESP	42.34	1.3	Xavier Picó	CS77159	spain
9568	Monsanto	IP-Pan-0	ESP	42.76	-0.23	Carlos Alonso-Blanco	CS77160	spain
9569	Monsanto	IP-Pds-1	ESP	42.87	-6.45	Carlos Alonso-Blanco	CS77166	western_europe
9571	Monsanto	IP-Pro-0	ESP	43.28	-6.01	Carlos Alonso-Blanco	CS78914	western_europe
9573	Monsanto	IP-Rds-0	ESP	41.86	2.99	Xavier Picó	CS77206	spain
9574	Monsanto	IP-Rel-0	ESP	38.6	-2.7	Carlos Alonso-Blanco	CS77209	relict
9576	Monsanto	IP-Rev-0	ESP	40.86	-4.11	Carlos Alonso-Blanco	CS77213	admixed
9577	Monsanto	IP-Ria-0	ESP	42.34	2.17	Xavier Picó	CS77216	spain
9578	Monsanto	IP-Sac-0	ESP	42.13	-6.7	Carlos Alonso-Blanco	CS77229	western_europe
9579	Monsanto	IP-San-10	ESP	38.33	-3.51	Carlos Alonso-Blanco	CS77232	admixed
9581	Monsanto	IP-Sdv-3	ESP	42.84	-5.12	Carlos Alonso-Blanco	CS77242	admixed
9582	Monsanto	IP-Ses-0	ESP	41.48	-1.63	Carlos Alonso-Blanco	CS77244	spain
9583	Monsanto	IP-Sne-0	ESP	37.09	-3.38	Carlos Alonso-Blanco	CS77258	relict
9584	Monsanto	IP-Stp-0	ESP	41.19	-3.58	Carlos Alonso-Blanco	CS77283	spain
9585	Monsanto	IP-Svi-0	ESP	43.4	-7.39	Carlos Alonso-Blanco	CS77287	western_europe
9586	Monsanto	IP-Tam-0	ESP	41.03	-3.27	Carlos Alonso-Blanco	CS77340	spain
9587	Monsanto	IP-Tdc-0	ESP	41.5	-1.88	Carlos Alonso-Blanco	CS77344	spain
9588	Monsanto	IP-Tol-7	ESP	42.11	0.6	Xavier Picó	CS77371	spain
9589	Monsanto	IP-Tor-1	ESP	41.6	-2.83	Carlos Alonso-Blanco	CS77378	spain
9590	Monsanto	IP-Trs-0	ESP	43.37	-5.49	Carlos Alonso-Blanco	CS77387	western_europe
9591	Monsanto	IP-Vad-0	ESP	42.86	-3.59	Carlos Alonso-Blanco	CS78826	admixed
9592	Monsanto	IP-Vae-2	ESP	42.1	-5.44	Carlos Alonso-Blanco	CS78827	admixed
9593	Monsanto	IP-Vaz-0	ESP	42.26	-2.99	Carlos Alonso-Blanco	CS78836	spain
9594	Monsanto	IP-Vdm-0	ESP	42.04	1.01	Carlos Alonso-Blanco	CS78837	spain
9595	Monsanto	IP-Vdt-0	ESP	40.89	-5.5	Carlos Alonso-Blanco	CS78838	admixed
9596	Monsanto	IP-Ver-5	ESP	41.95	-7.45	Carlos Alonso-Blanco	CS78841	admixed
9597	Monsanto	IP-Vig-1	ESP	42.31	-2.53	Carlos Alonso-Blanco	CS78843	spain
9598	Monsanto	IP-Vim-0	ESP	41.88	-6.51	Carlos Alonso-Blanco	CS78844	relict
9599	Monsanto	IP-Vin-0	ESP	42.8	-5.77	Carlos Alonso-Blanco	CS78846	western_europe
9600	Monsanto	IP-Vis-0	ESP	39.85	-6.04	Carlos Alonso-Blanco	CS78848	relict
9601	Monsanto	IP-Voz-0	ESP	41.85	-1.88	Carlos Alonso-Blanco	CS78849	spain
9602	Monsanto	IP-Vpa-1	ESP	40.5	-3.96	Carlos Alonso-Blanco	CS78850	spain
9606	Monsanto	Aitba-1	MAR	31.48	-7.45	0	CS76649	relict
9607	Monsanto	Panik-1	RUS	53.05	52.15	0	CS77161	asia
9608	Monsanto	Karag-2	RUS	51.37	59.44	0	CS76961	asia
9609	Monsanto	Adam-1	RUS	51.41	59.98	0	CS76645	asia
9610	Monsanto	Lesno-4	RUS	53.04	51.96	0	CS77034	asia
9611	Monsanto	Lesno-1	RUS	53.04	51.9	0	CS77032	asia
9612	Monsanto	Lesno-2	RUS	53.04	51.94	0	CS77033	asia
9613	Monsanto	Balan-1	RUS	55.36	61.41	0	CS76687	italy_balkan_caucasus
9615	Monsanto	Parti-1	RUS	52.99	52.16	0	CS77163	asia
9616	Monsanto	Krazo-1	RUS	53.06	51.96	0	CS76984	asia
9617	Monsanto	Karag-1	RUS	51.37	59.44	0	CS76960	asia
9619	Monsanto	Basta-1	RUS	51.84	79.48	0	CS76691	asia
9620	Monsanto	Basta-2	RUS	51.82	79.48	0	CS76692	asia
9621	Monsanto	Basta-3	RUS	51.84	79.46	0	CS76693	asia
9622	Monsanto	Bijisk-4	RUS	52.52	85.27	0	CS76707	admixed
9624	Monsanto	Chaba-2	RUS	53.6	79.37	0	CS76767	asia
9625	Monsanto	Kolyv-2	RUS	51.31	82.59	0	CS76977	asia
9626	Monsanto	Kolyv-3	RUS	51.36	82.59	0	CS76978	asia
9627	Monsanto	Kolyv-5	RUS	51.32	82.55	0	CS76979	asia
9628	Monsanto	Kolyv-6	RUS	51.33	82.54	0	CS76980	asia
9629	Monsanto	K-oze-1	RUS	51.35	82.18	0	CS76957	asia
9630	Monsanto	K-oze-3	RUS	51.34	82.16	0	CS76958	asia
9631	Monsanto	Lebja-1	RUS	51.65	80.79	0	CS77015	asia
9632	Monsanto	Lebja-2	RUS	51.67	80.82	0	CS77016	asia
9633	Monsanto	Lebja-4	RUS	51.63	80.83	0	CS77017	asia
9634	Monsanto	Masl-1	RUS	54.13	81.31	0	CS77073	asia
9635	Monsanto	Nosov-1	RUS	51.87	80.6	0	CS77130	asia
9636	Monsanto	Noveg-1	RUS	51.75	80.82	0	CS77131	asia
9637	Monsanto	Noveg-2	RUS	51.77	80.85	0	CS77132	asia
9638	Monsanto	Noveg-3	RUS	51.73	80.86	0	CS77133	asia
9639	Monsanto	Panke-1	RUS	53.82	80.31	0	CS77162	asia
9640	Monsanto	Rakit-1	RUS	51.87	80.06	0	CS77202	asia
9641	Monsanto	Rakit-2	RUS	51.9	80.06	0	CS77203	asia
9642	Monsanto	Rakit-3	RUS	51.84	80.06	0	CS77204	asia
9643	Monsanto	Sever-1	RUS	52.1	79.31	0	CS77245	asia
9644	Monsanto	Zupan-1	CRO	45.07	18.72	0	CS78882	central_europe
9645	Monsanto	Gradi-1	CRO	45.17	18.7	0	CS76887	central_europe
9646	Monsanto	Aiell-1	ITA	39.126899	16.170188		CS76648	italy_balkan_caucasus
9647	Monsanto	Basen-1	ITA	40.37	16.77	0	CS76690	italy_balkan_caucasus
9648	Monsanto	Bisig-1	ITA	39.48	16.28	0	CS76712	italy_balkan_caucasus
9649	Monsanto	Bivio-1	ITA	39.13	16.17	0	CS76713	italy_balkan_caucasus
9651	Monsanto	Filet-1	ITA	40.68	14.87	0	CS76858	italy_balkan_caucasus
9653	Monsanto	Giffo-1	ITA	38.44	16.13	0	CS76878	italy_balkan_caucasus
9655	Monsanto	Marce-1	ITA	38.92	16.47	0	CS77071	italy_balkan_caucasus
9656	Monsanto	Marti-1	ITA	40.64	17.31	0	CS77072	italy_balkan_caucasus
9657	Monsanto	Melic-1	ITA	38.45	16.04	0	CS77078	italy_balkan_caucasus
9658	Monsanto	Nicas-1	ITA	38.97	16.34	0	CS77127	italy_balkan_caucasus
9659	Monsanto	Pigna-1	ITA	41.18	14.18	0	CS77177	italy_balkan_caucasus
9660	Monsanto	Sarno-1	ITA	40.84	14.57	0	CS77236	italy_balkan_caucasus
9661	Monsanto	Cimin-1	ITA	39.58	16.21	0	CS76771	italy_balkan_caucasus
9663	Monsanto	Teano-1	ITA	41.33	14.09	0	CS77357	admixed
9664	Monsanto	Mitterberg-1-179	ITA	46.366	11.2832	Joerg Wunder	CS78907	central_europe
9665	Monsanto	Mitterberg-1-180	ITA	46.366	11.2832	Joerg Wunder	CS78908	central_europe
9666	Monsanto	Mitterberg-1-182	ITA	46.366	11.2832	Joerg Wunder	CS78909	central_europe
9667	Monsanto	Mitterberg-1-183	ITA	46.366	11.2832	Joerg Wunder	CS78910	central_europe
9668	Monsanto	Mitterberg-2-184	ITA	46.3668	11.2837	Joerg Wunder	CS77085	central_europe
9669	Monsanto	Mitterberg-2-185	ITA	46.3668	11.2837	Joerg Wunder	CS77086	central_europe
9670	Monsanto	Mitterberg-2-186	ITA	46.3668	11.2837	Joerg Wunder	CS77087	central_europe
9671	Monsanto	Mitterberg-3-187	ITA	46.3668	11.2837	Joerg Wunder	CS77088	central_europe
9672	Monsanto	Mitterberg-3-188	ITA	46.3668	11.2837	Joerg Wunder	CS77089	central_europe
9673	Monsanto	Mitterberg-3-189	ITA	46.3668	11.2837	Joerg Wunder	CS77090	central_europe
9676	Monsanto	Mitterberg-4-192	ITA	46.3718	11.2866	Joerg Wunder	CS77093	central_europe
9677	Monsanto	Mitterberg-4-193	ITA	46.3718	11.2866	Joerg Wunder	CS77094	central_europe
9678	Monsanto	Mitterberg-4-194	ITA	46.3718	11.2866	Joerg Wunder	CS77095	central_europe
9679	Monsanto	Castelfed-1-195	ITA	46.3378	11.2928	Joerg Wunder	CS76744	central_europe
9680	Monsanto	Castelfed-1-196	ITA	46.3378	11.2928	Joerg Wunder	CS76745	central_europe
9681	Monsanto	Castelfed-1-197	ITA	46.3378	11.2928	Joerg Wunder	CS76746	central_europe
9682	Monsanto	Castelfed-1-198	ITA	46.3378	11.2928	Joerg Wunder	CS76747	central_europe
9683	Monsanto	Castelfed-1-199	ITA	46.3378	11.2928	Joerg Wunder	CS76748	central_europe
9684	Monsanto	Castelfed-2-200	ITA	46.3378	11.2928	Joerg Wunder	CS76749	central_europe
9685	Monsanto	Castelfed-2-201	ITA	46.3378	11.2928	Joerg Wunder	CS76750	central_europe
9686	Monsanto	Castelfed-2-202	ITA	46.3378	11.2928	Joerg Wunder	CS76751	central_europe
9687	Monsanto	Castelfed-2-203	ITA	46.3378	11.2928	Joerg Wunder	CS76752	central_europe
9689	Monsanto	Castelfed-3-205	ITA	46.3378	11.2928	Joerg Wunder	CS76754	central_europe
9690	Monsanto	Castelfed-3-206	ITA	46.3378	11.2928	Joerg Wunder	CS76755	central_europe
9691	Monsanto	Castelfed-3-207	ITA	46.3378	11.2928	Joerg Wunder	CS76756	admixed
9692	Monsanto	Castelfed-3-208	ITA	46.3378	11.2928	Joerg Wunder	CS76757	central_europe
9693	Monsanto	Castelfed-3-209	ITA	46.3378	11.2928	Joerg Wunder	CS76758	central_europe
9694	Monsanto	Castelfed-4-210	ITA	46.3378	11.2928	Joerg Wunder	CS78891	central_europe
9695	Monsanto	Castelfed-4-211	ITA	46.3378	11.2928	Joerg Wunder	CS78892	central_europe
9696	Monsanto	Castelfed-4-214	ITA	46.3378	11.2928	Joerg Wunder	CS78893	central_europe
9697	Monsanto	Dolen-1	BUL	41.62	23.94	0	CS76802	italy_balkan_caucasus
9698	Monsanto	Goced-1	BUL	41.57	23.85	0	CS76882	italy_balkan_caucasus
9699	Monsanto	Kolar-1	BUL	41.37	23.14	0	CS76974	italy_balkan_caucasus
9700	Monsanto	Dolna-1-10	BUL	42.32	23.1	0	CS76803	italy_balkan_caucasus
9701	Monsanto	Ivano-1	BUL	43.7	25.91	0	CS76954	italy_balkan_caucasus
9703	Monsanto	Melni-1	BUL	41.53	23.39	0	CS77079	italy_balkan_caucasus
9704	Monsanto	Melni-2	BUL	41.53	23.39	0	CS77080	italy_balkan_caucasus
9705	Monsanto	Choto-1	BUL	41.5	23.33	0	CS76769	italy_balkan_caucasus
9706	Monsanto	Dospa-1	BUL	41.64	24.18	0	CS76807	italy_balkan_caucasus
9707	Monsanto	Podvi-1	BUL	41.57	24.84	0	CS77187	italy_balkan_caucasus
9708	Monsanto	Kardz-1	BUL	41.62	25.35	0	CS76962	italy_balkan_caucasus
9709	Monsanto	Zerev-1-34	BUL	41.85	23.13	0	CS78878	italy_balkan_caucasus
9710	Monsanto	Zerev-1-35	BUL	41.85	23.13	0	CS78879	italy_balkan_caucasus
9711	Monsanto	Dolna-1-39	BUL	42.32	23.1	0	CS76804	italy_balkan_caucasus
9712	Monsanto	Dolna-1-40	BUL	42.32	23.1	0	CS76805	italy_balkan_caucasus
9713	Monsanto	Stara-1	BUL	42.49	25.61	0	CS77271	italy_balkan_caucasus
9714	Monsanto	Grivo-1	BUL	41.84	25.75	0	CS76888	italy_balkan_caucasus
9716	Monsanto	Leska-1-44	BUL	41.54	24.98	0	CS77030	italy_balkan_caucasus
9717	Monsanto	Kardz-2	BUL	41.66	25.47	0	CS76963	italy_balkan_caucasus
9718	Monsanto	Smolj-1	BUL	41.55	24.75	0	CS77256	italy_balkan_caucasus
9719	Monsanto	Koren-1	BUL	41.83	25.69	0	CS76983	italy_balkan_caucasus
9720	Monsanto	Malak-1	BUL	41.77	25.68	0	CS77064	italy_balkan_caucasus
9721	Monsanto	Schip-1	BUL	42.72	25.33	0	CS77239	italy_balkan_caucasus
9722	Monsanto	Groch-1	BUL	41.71	24.41	0	CS76890	italy_balkan_caucasus
9723	Monsanto	Slavi-2	BUL	41.42	23.67	0	CS77252	italy_balkan_caucasus
9725	Monsanto	Epidauros-1	GRC	37.6	23.08	0	CS76844	italy_balkan_caucasus
9726	Monsanto	Faneronemi-3	GRC	37.07	22.04	0	CS76853	italy_balkan_caucasus
9727	Monsanto	Olympia-2	GRC	37.63	21.62	0	CS77144	central_europe
9728	Monsanto	Stiav-1	SVK	48.46	18.9	0	CS77279	central_europe
9729	Monsanto	Stiav-2	SVK	48.46	18.9	0	CS77280	central_europe
9730	Monsanto	Bela-1	SVK	48.47	18.94	0	CS76696	central_europe
9731	Monsanto	Stiav-3	SVK	48.46	18.9	0	CS77281	central_europe
9732	Monsanto	Halca-1	SVK	48.47	18.96	0	CS76909	central_europe
9733	Monsanto	Bela-2	SVK	48.47	18.94	0	CS76697	central_europe
9735	Monsanto	Bela-4	SVK	48.47	18.94	0	CS76699	central_europe
9736	Monsanto	Teiu-2	ROU	44.69	25.17	0	CS77361	admixed
9737	Monsanto	Ulies-1	ROU	45.95	22.62	0	CS78815	asia
9738	Monsanto	Bran-1	ROU	45.57	25.42	0	CS76722	admixed
9739	Monsanto	Toc-1	ROU	46.01	22.33	0	CS77370	central_europe
9741	Monsanto	Orast-1	ROU	45.84	23.16	0	CS77151	central_europe
9743	Monsanto	Furni-1	ROU	45.14	25.0	0	CS76873	admixed
9744	Monsanto	Iasi-1	ROU	47.16	27.59	0	CS76944	admixed
9745	Monsanto	Sij 1/96	UZB	41.45	70.05	0	CS77249	asia
9747	Monsanto	Zabar-1	SRB	44.38	21.22	0	CS78870	central_europe
9748	Monsanto	Zagub-1	SRB	44.23	21.71	0	CS78871	admixed
9749	Monsanto	Knjas-1	SRB	43.54	22.29	0	CS76971	italy_balkan_caucasus
9754	Monsanto	Sredn-1	SRB	44.66	21.37	0	CS77269	admixed
9755	Monsanto	Vajug-1	SRB	44.56	22.56	0	CS78828	italy_balkan_caucasus
9756	Monsanto	Staro-2	SRB	44.3	21.08	0	CS77273	central_europe
9757	Monsanto	Staro-1	SRB	44.3	21.08	0	CS77272	italy_balkan_caucasus
9758	Salk	Altai-5	CHN	47.75	88.4	0	CS76433	asia
9759	Salk	Anz-0	IRN	37.47	49.47	0	CS76439	italy_balkan_caucasus
9761	Salk	Bik-1	LBN	33.92	35.7	0	CS76449	central_europe
9762	Salk	Etna-2	ITA	37.69	14.98	0	CS76487	admixed
9764	Salk	Qar-8a	LBN	34.1	35.84	0	CS76581	admixed
9766	Salk	Westkar-4	KGZ	42.26	74.16	0	CS76629	asia
9768	Monsanto	Ru4-16	GER	48.57	9.16	0	CS77225	central_europe
9769	Monsanto	HE-1	GER	48.55	8.99	0	CS76916	central_europe
9770	Monsanto	KBG2-13	GER	48.53	9.01	0	CS76966	central_europe
9771	Monsanto	Pfn-N2.2-6	GER	48.56	9.11	0	CS77172	central_europe
9772	Monsanto	Hof-1	GER	48.41	8.85	0	CS76925	central_europe
9774	Monsanto	Alt-1	GER	48.59	9.22	0	CS76663	central_europe
9775	Monsanto	Berg-1	GER	48.41	8.79	0	CS76701	central_europe
9776	Monsanto	Fell3-7	GER	48.43	8.79	0	CS76857	central_europe
9777	Monsanto	Gn-1	GER	48.57	9.17	0	CS76880	central_europe
9778	Monsanto	Bach-7	GER	48.41	8.84	0	CS76679	central_europe
9779	Monsanto	Bai-10	GER	48.5	8.78	0	CS76682	central_europe
9780	Monsanto	Fell2-4	GER	48.43	8.79	0	CS76856	central_europe
9781	Monsanto	Kus2-2	GER	48.52	9.11	0	CS76990	central_europe
9782	Monsanto	Lu3-30	GER	48.53	9.09	0	CS77057	central_europe
9783	Monsanto	Tu-PK-7	GER	48.52	9.05	0	CS77396	admixed
9784	Monsanto	Erg2-6	GER	48.5	8.8	0	CS76845	central_europe
9785	Monsanto	Ha-HBT1-2	GER	48.54	9.02	0	CS76898	central_europe
9786	Monsanto	Ha-P-13	GER	48.54	9.01	0	CS76901	central_europe
9787	Monsanto	HI-4	GER	48.5	9.0	0	CS76922	central_europe
9788	Monsanto	KBG1-14	GER	48.53	9.01	0	CS76965	central_europe
9789	Monsanto	Obh-13	GER	48.39	8.96	0	CS77140	central_europe
9790	Monsanto	Gn2-3	GER	48.58	9.18	0	CS76881	central_europe
9791	Monsanto	Haes-1	GER	48.6	9.2	0	CS76914	central_europe
9792	Monsanto	Lu4-2	GER	48.54	9.09	0	CS77058	central_europe
9793	Monsanto	Ru-N2	GER	48.57	9.16	0	CS77224	central_europe
9794	Monsanto	Tu-B1-2	GER	48.52	9.08	0	CS77391	central_europe
9795	Monsanto	Wank-2	GER	48.5	9.11	0	CS78852	central_europe
9796	Monsanto	Bach2-1	GER	48.41	8.84	0	CS76680	central_europe
9797	Monsanto	Ha-HBT2-10	GER	48.54	9.02	0	CS76899	central_europe
9798	Monsanto	Ha-P2-1	GER	48.54	9.01	0	CS76902	central_europe
9799	Monsanto	Hart-2	GER	48.39	8.85	0	CS76913	central_europe
9800	Monsanto	Ha-S-B	GER	48.54	9.01	0	CS76903	central_europe
9801	Monsanto	Ha-SP-2	GER	48.54	9.01	0	CS76904	central_europe
9802	Monsanto	Kus3-1	GER	48.51	9.11	0	CS76991	central_europe
9803	Monsanto	Muh-2	GER	48.42	8.76	0	CS77113	central_europe
9804	Monsanto	Obe1-15	GER	48.45	8.87	0	CS77139	central_europe
9805	Monsanto	Pfn-10	GER	48.54	9.09	0	CS77171	central_europe
9806	Monsanto	Ru-2	GER	48.56	9.16	0	CS77223	central_europe
9807	Monsanto	Schl-7	GER	48.6	9.22	0	CS77240	central_europe
9808	Monsanto	Tu-B2-3	GER	48.52	9.08	0	CS77392	central_europe
9809	Monsanto	Tu-KB-6	GER	48.52	9.05	0	CS77393	western_europe
9810	Monsanto	Tu-KS-7	GER	48.53	9.07	0	CS77394	central_europe
9811	Monsanto	Tu-NK-12	GER	48.52	9.05	0	CS77395	central_europe
9812	Monsanto	Tu-W1	GER	48.52	9.03	0	CS77397	central_europe
9813	Monsanto	BI-4	GER	48.4	8.77	0	CS76706	central_europe
9814	Monsanto	Fell1-10	GER	48.42	8.79	0	CS76855	central_europe
9815	Monsanto	Ha-HBT3-11	GER	48.54	9.02	0	CS76900	central_europe
9816	Monsanto	Tu-WH	GER	48.55	9.06	0	CS77398	central_europe
9817	Monsanto	IP-Ace-0	ESP	39.84	-6.6	Carlos Alonso-Blanco	CS76642	spain
9819	Monsanto	IP-Amu-0	ESP	42.35	-3.03	Carlos Alonso-Blanco	CS76664	spain
9820	Monsanto	IP-Are-0	ESP	41.0	-4.71	Carlos Alonso-Blanco	CS76671	spain
9821	Monsanto	IP-Aru-0	ESP	41.81	2.49	Xavier Picó	CS76674	spain
9822	Monsanto	IP-Aul-0	ESP	40.52	-4.02	Carlos Alonso-Blanco	CS76675	spain
9823	Monsanto	IP-Bae-0	ESP	43.34	-5.84	Carlos Alonso-Blanco	CS76681	western_europe
9824	Monsanto	IP-Bes-5	ESP	42.91	-4.91	Carlos Alonso-Blanco	CS76702	admixed
9825	Monsanto	IP-Boa-0	ESP	40.4	-3.88	Carlos Alonso-Blanco	CS76714	spain
9826	Monsanto	IP-Bor-0	ESP	42.49	-6.71	Carlos Alonso-Blanco	CS76717	western_europe
9827	Monsanto	IP-Bos-0	ESP	42.78	0.69	Xavier Picó	CS76719	western_europe
9828	Monsanto	IP-Bra-0	ESP	42.5	-6.15	Xavier Picó	CS76721	western_europe
9830	Monsanto	IP-Bus-0	ESP	36.97	-3.28	Carlos Alonso-Blanco	CS76736	admixed
9831	Monsanto	IP-Cas-0	ESP	38.54	-3.39	Carlos Alonso-Blanco	CS76743	admixed
9832	Monsanto	IP-Cat-0	ESP	40.54	-3.69	Carlos Alonso-Blanco	CS76759	relict
9833	Monsanto	IP-Cha-0	ESP	40.38	-4.21	Carlos Alonso-Blanco	CS76764	spain
9834	Monsanto	IP-Cho-0	ESP	40.51	-3.9	Carlos Alonso-Blanco	CS76768	spain
9835	Monsanto	IP-Cir-0	ESP	40.61	-6.57	Carlos Alonso-Blanco	CS76772	admixed
9836	Monsanto	IP-Cod-0	ESP	41.25	-1.32	Carlos Alonso-Blanco	CS76777	spain
9837	Monsanto	IP-Con-0	ESP	37.94	-5.6	Xavier Picó	CS76780	relict
9838	Monsanto	IP-Cot-0	ESP	41.83	-5.38	Carlos Alonso-Blanco	CS76784	admixed
9839	Monsanto	IP-Coy-0	ESP	40.44	-4.27	Carlos Alonso-Blanco	CS76785	admixed
9840	Monsanto	IP-Dar-0	ESP	41.13	-1.43	Carlos Alonso-Blanco	CS76792	spain
9841	Monsanto	IP-Ees-0	ESP	40.59	-4.15	Carlos Alonso-Blanco	CS76836	spain
9843	Monsanto	IP-Elp-0	ESP	40.53	-3.92	Carlos Alonso-Blanco	CS76840	spain
9844	Monsanto	IP-Esn-2	ESP	42.27	0.19	Carlos Alonso-Blanco	CS76846	spain
9845	Monsanto	IP-Evs-0	ESP	40.48	-3.96	Carlos Alonso-Blanco	CS76848	spain
9846	Monsanto	IP-Ezc-2	ESP	42.31	-3.02	Carlos Alonso-Blanco	CS76849	spain
9847	Monsanto	IP-Fel-2	ESP	43.31	-5.7	Carlos Alonso-Blanco	CS76854	western_europe
9848	Monsanto	IP-Glo-1	ESP	40.11	-5.77	Carlos Alonso-Blanco	CS76879	spain
9849	Monsanto	IP-Gud-3	ESP	40.65	-4.11	Carlos Alonso-Blanco	CS76895	admixed
9850	Monsanto	IP-Hec-0	ESP	42.86	-0.7	Carlos Alonso-Blanco	CS76917	spain
9851	Monsanto	IP-Hue-3	ESP	42.96	-6.1	Carlos Alonso-Blanco	CS76942	western_europe
9852	Monsanto	IP-Ini-0	ESP	40.46	-3.75	Carlos Alonso-Blanco	CS76945	spain
9853	Monsanto	IP-Lac-0	ESP	43.33	-5.91	Carlos Alonso-Blanco	CS76996	western_europe
9854	Monsanto	IP-Laf-1	ESP	43.36	-5.88	Carlos Alonso-Blanco	CS76997	western_europe
9855	Monsanto	IP-Lam-0	ESP	40.57	-3.89	Carlos Alonso-Blanco	CS77008	spain
9856	Monsanto	IP-Lch-0	ESP	40.51	-4.0	Carlos Alonso-Blanco	CS77010	spain
9857	Monsanto	IP-Leg-0	ESP	40.33	-3.8	Carlos Alonso-Blanco	CS77019	spain
9858	Monsanto	IP-Loz-0	ESP	40.98	-3.8	Carlos Alonso-Blanco	CS77051	admixed
9859	Monsanto	IP-Lro-0	ESP	40.5	-3.88	Carlos Alonso-Blanco	CS77054	spain
9860	Monsanto	IP-Lum-0	ESP	42.24	-2.62	Carlos Alonso-Blanco	CS77059	spain
9861	Monsanto	IP-Mac-0	ESP	40.72	-3.21	Carlos Alonso-Blanco	CS77061	spain
9862	Monsanto	IP-Mad-0	ESP	40.45	-3.67	Carlos Alonso-Blanco	CS77062	western_europe
9864	Monsanto	IP-Mat-0	ESP	41.76	2.69	Xavier Picó	CS77074	spain
9866	Monsanto	IP-Mdd-0	ESP	41.89	-2.79	Carlos Alonso-Blanco	CS77076	spain
9867	Monsanto	IP-Mie-1	ESP	40.94	-3.22	Xavier Picó	CS77083	spain
9868	Monsanto	IP-Moe-0	ESP	41.78	2.37	Xavier Picó	CS77104	spain
9869	Monsanto	IP-Moj-0	ESP	36.76	-5.28	Xavier Picó	CS77105	relict
9870	Monsanto	IP-Moz-0	ESP	41.91	0.17	Carlos Alonso-Blanco	CS77111	spain
9871	Monsanto	IP-Nac-0	ESP	40.75	-3.99	Carlos Alonso-Blanco	CS77117	relict
9873	Monsanto	IP-Ndc-0	ESP	37.94	-5.45	Xavier Picó	CS77125	spain
9874	Monsanto	IP-Oja-0	ESP	42.34	-3.0	Carlos Alonso-Blanco	CS77143	spain
9875	Monsanto	IP-Ovi-1	ESP	43.38	-5.87	Carlos Alonso-Blanco	CS77155	western_europe
9876	Monsanto	IP-Pad-0	ESP	41.34	0.99	Carlos Alonso-Blanco	CS77158	spain
9877	Monsanto	IP-Pdl-0	ESP	43.02	-5.6	Carlos Alonso-Blanco	CS77165	admixed
9878	Monsanto	IP-Pee-0	ESP	40.78	-3.62	Carlos Alonso-Blanco	CS77167	spain
9879	Monsanto	IP-Per-0	ESP	37.6	-1.12	Carlos Alonso-Blanco	CS77169	relict
9880	Monsanto	IP-Pib-1	ESP	42.72	-3.44	Carlos Alonso-Blanco	CS77175	spain
9881	Monsanto	IP-Pie-0	ESP	40.46	-5.32	Carlos Alonso-Blanco	CS77176	admixed
9882	Monsanto	IP-Pil-0	ESP	40.46	-4.26	Carlos Alonso-Blanco	CS77178	spain
9883	Monsanto	IP-Piq-0	ESP	42.1	-2.56	Carlos Alonso-Blanco	CS77179	spain
9885	Monsanto	IP-Prd-0	ESP	41.14	-3.68	Carlos Alonso-Blanco	CS77189	spain
9886	Monsanto	IP-Pru-0	ESP	42.38	1.73	Xavier Picó	CS77190	spain
9887	Monsanto	IP-Pun-0	ESP	40.4	-4.77	Carlos Alonso-Blanco	CS77196	relict
9888	Monsanto	IP-Pva-1	ESP	40.93	-3.31	Xavier Picó	CS77197	spain
9890	Monsanto	IP-Rib-1	ESP	43.16	-5.07	Carlos Alonso-Blanco	CS77217	admixed
9891	Monsanto	IP-Sal-0	ESP	41.93	2.92	Xavier Picó	CS77230	spain
9892	Monsanto	IP-Sam-0	ESP	42.68	-6.96	Carlos Alonso-Blanco	CS77231	admixed
9894	Monsanto	IP-Sen-0	ESP	42.59	0.76	Xavier Picó	CS77243	admixed
9895	Monsanto	IP-Sfb-6	ESP	41.78	2.57	Xavier Picó	CS77248	spain
9897	Monsanto	IP-Smt-1	ESP	40.95	-5.63	Xavier Picó	CS77257	admixed
9898	Monsanto	IP-Som-0	ESP	41.14	-3.58	Carlos Alonso-Blanco	CS77259	spain
9899	Monsanto	IP-Tau-0	ESP	42.54	0.84	Xavier Picó	CS77342	spain
9900	Monsanto	IP-Tri-0	ESP	37.38	-6.01	Xavier Picó	CS77386	spain
9901	Monsanto	IP-Urd-1	ESP	42.27	-2.98	Carlos Alonso-Blanco	CS78824	spain
9902	Monsanto	IP-Usa-0	ESP	40.71	-3.24	Carlos Alonso-Blanco	CS78825	spain
9903	Monsanto	IP-Val-0	ESP	42.31	-3.1	Carlos Alonso-Blanco	CS78829	spain
9904	Monsanto	IP-Vas-0	ESP	40.95	-3.31	Carlos Alonso-Blanco	CS78833	spain
9905	Monsanto	IP-Ven-0	ESP	40.76	-4.01	Carlos Alonso-Blanco	CS78840	relict
9906	Monsanto	IP-Mah-6	ESP	40.0	4.25	Xavier Picó	CS77063	admixed
9908	Monsanto	ESP-1-11	FRA	50.72	3.47	0	CS76847	western_europe
9909	Monsanto	GEN-8	FRA	50.59	3.3	0	CS76877	western_europe
9910	Monsanto	BRI-2	FRA	50.68	3.52	0	CS76725	western_europe
9911	Monsanto	ARGE-1-15	FRA	47.16	4.28	0	CS76672	western_europe
9912	Monsanto	CIRY-13	FRA	46.67	4.55	0	CS76773	western_europe
9914	Monsanto	IST-29	FRA	47.58	5.33	0	CS76948	central_europe
9915	Monsanto	Mar-4-16	FRA	47.45	3.94	0	CS77069	central_europe
9917	Monsanto	RAD-21	FRA	46.69	4.34	0	CS77200	western_europe
9918	Monsanto	SAUL-24	FRA	47.43	5.21	0	CS77237	western_europe
9920	Monsanto	DIR-9	FRA	48.54	4.32	0	CS76796	germany
9921	Monsanto	FOR-23	FRA	48.57	4.41	0	CS76867	western_europe
9924	Monsanto	PLY-20	FRA	48.59	4.24	0	CS77181	admixed
9925	Monsanto	RUM-20	FRA	48.91	4.52	0	CS77226	western_europe
9926	Monsanto	TRE-1	FRA	48.86	4.1	0	CS77385	western_europe
9927	Monsanto	ARR-17	FRA	44.05	3.69	0	CS76673	western_europe
9928	Monsanto	BEZ-9	FRA	44.12	3.77	0	CS76703	western_europe
9929	Monsanto	ISS-20	FRA	43.92	3.71	0	CS76947	western_europe
9930	Monsanto	LEC-25	FRA	43.91	4.14	0	CS77018	central_europe
9932	Monsanto	NOZ-6	FRA	44.12	4.33	0	CS77134	admixed
9933	Monsanto	VED-10	FRA	43.74	3.89	0	CS78839	admixed
9935	Monsanto	BAU-15	FRA	50.6	2.93	0	CS76694	western_europe
9937	Monsanto	CATS-6	FRA	50.79	2.69	0	CS76760	western_europe
9938	Monsanto	WAV-8	FRA	50.65	2.99	0	CS78854	western_europe
9939	MPI	ICE49 / Aitba-2	MAR	31.48	-7.45		CS76347	relict
9941	MPI	Fei-0	POR	40.92	-8.54		CS76412	western_europe
9942	MPI	Agu-1	ESP	41.32	-1.34		CS76409	spain
9943	MPI	Cdm-0	ESP	39.73	-5.74		CS76410	spain
9944	MPI	Don-0	ESP	36.83	-6.36		CS76411	relict
9945	MPI	Leo-1	ESP	41.8	-3.11		CS76413	admixed
9946	MPI	Mer-6	ESP	38.92	-6.34		CS76414	spain
9947	MPI	Ped-0	ESP	40.74	-3.9		CS76415	relict
9948	MPI	Pra-6	ESP	41.05	-3.54		CS76416	spain
9949	MPI	Qui-0	ESP	42.69	-6.93		CS76417	western_europe
9950	MPI	Vie-0	ESP	42.63	0.76		CS76418	spain
9951	MPI	ICE127 / Kly-1	RUS	51.3333	82.5667	Heike Schmuths	CS76385	asia
9952	MPI	ICE130 / Kly-4	RUS	51.32	82.55		CS76384	asia
9953	MPI	ICE134 / Koz-2	RUS	51.33	82.19		CS76383	asia
9955	MPI	ICE60 / Stepn-2	RUS	54.09	60.46		CS76377	asia
9956	MPI	ICE61 / Stepn-1	RUS	54.06	60.48		CS76378	asia
9957	MPI	ICE70 / Borsk-2	RUS	53.04	51.75		CS76421	asia
9958	MPI	ICE71 / Shigu-1	RUS	53.33	49.48		CS76375	asia
9959	MPI	ICE72 / Shigu-2	RUS	53.33	49.48		CS76374	asia
9960	MPI	ICE73 / Kidr-1	RUS	51.31	57.56		CS76376	asia
9962	MPI	ICE102 / Galdo-1	ITA	40.57	15.32		CS76423	italy_balkan_caucasus
9963	MPI	ICE104 / Lago-1	ITA	39.18	16.26		CS76367	italy_balkan_caucasus
9964	MPI	ICE106 / Mammo-1	ITA	38.36	16.23		CS76365	italy_balkan_caucasus
9965	MPI	ICE107 / Mammo-2	ITA	38.38	16.22		CS76364	italy_balkan_caucasus
9966	MPI	ICE111 / Monte-1	ITA	40.28	15.65		CS76361	italy_balkan_caucasus
9968	MPI	ICE119 / Timpo-1	ITA	39.27	16.27		CS76424	italy_balkan_caucasus
9969	MPI	ICE120 / Valsi-1	ITA	40.18	16.45		CS76425	italy_balkan_caucasus
9970	MPI	ICE163 / Altenb-2	ITA	46.3716	11.2376	Joerg Wunder	CS76353	central_europe
9971	MPI	ICE169 / Bozen-1.1	ITA	46.513	11.331	Joerg Wunder	CS76357	central_europe
9972	MPI	ICE173 / Bozen-1.2	ITA	46.513	11.331	Joerg Wunder	CS76358	central_europe
9973	MPI	ICE181 / Mitterberg-1-181	ITA	46.366	11.2832	Joerg Wunder	CS76354	central_europe
9974	MPI	ICE212 / Castelfed-4.1	ITA	46.3378	11.2928	Joerg Wunder	CS76355	central_europe
9975	MPI	ICE213 / Castelfed-4-213	ITA	46.3378	11.2928	Joerg Wunder	CS76356	central_europe
9976	MPI	ICE216 / Rovero-1	ITA	46.2543	11.167	Joerg Wunder	CS76351	central_europe
9978	MPI	ICE228 / Vezzano-2.2	ITA	46.6297	10.817	Joerg Wunder	CS76350	central_europe
9979	MPI	ICE79 / Voeran-1	ITA	46.36	11.23		CS76352	central_europe
9980	MPI	ICE91 / Angel-1	ITA	38.62	16.17		CS76362	italy_balkan_caucasus
9981	MPI	ICE92 / Angit-1	ITA	38.76	16.24		CS76366	italy_balkan_caucasus
9982	MPI	ICE93 / Apost-1	ITA	39.01	16.47		CS76368	italy_balkan_caucasus
9983	MPI	ICE97 / Ciste-1	ITA	41.62	12.87		CS76359	admixed
9984	MPI	ICE98 / Ciste-2	ITA	41.62	12.87		CS76360	admixed
9985	MPI	ICE29 / Slavi-1	BUL	41.43	23.65		CS76419	italy_balkan_caucasus
9986	MPI	ICE33 / Jablo-1	BUL	41.59	25.2		CS76372	italy_balkan_caucasus
9987	MPI	ICE7 / Lecho-1	BUL	41.43	23.5		CS76371	italy_balkan_caucasus
9988	MPI	Bak-2	GEO	41.7942	43.4767	James Beck	CS76392	italy_balkan_caucasus
9990	MPI	Lag2.2 / Lag2-2	GEO	41.8296	46.2831	James Beck	CS76390	italy_balkan_caucasus
9991	MPI	Vash-1	GEO	41.2381	46.3728	James Beck	CS76391	italy_balkan_caucasus
9993	MPI	Nemrut-1	TUR	38.6425	42.2394	James Beck	CS76398	admixed
9995	MPI	HKT2.4	GER	48.14	9.4		CS76404	central_europe
9996	MPI	Nie1-2	GER	48.52	8.8		CS76402	central_europe
9997	MPI	Rue3-1-31	GER	48.56	9.16		CS76406	central_europe
9998	MPI	Star-8	GER	48.43	8.82		CS76400	admixed
9999	MPI	TueSB30-3	GER	48.53	9.06		CS76403	central_europe
10001	MPI	TueV13 / TueV-13	GER	48.52	9.05	Kirsten Bomblies	CS76407	western_europe
10002	MPI	TueWa1-2	GER	48.53	9.04	Kirsten Bomblies	CS76405	western_europe
10004	MPI	ICE1 / Bolin-1	ROU	44.46	25.74		CS76373	italy_balkan_caucasus
10005	MPI	ICE63 / Copac-1	ROU	46.11	21.95		CS76420	central_europe
10006	MPI	Kastel-1	UKR	44.6419	34.3814	James Beck	CS76395	italy_balkan_caucasus
10008	MPI	ICE150 / Sij-1	UZB	41.45	70.05	Heike Schmuths	CS76379	asia
10009	MPI	ICE152 / Sij-2	UZB	41.45	70.05		CS76380	asia
10010	MPI	ICE153 / Sij-4	UZB	41.45	70.05		CS76381	asia
10011	MPI	Yeg-1	ARM	39.8692	45.3622	James Beck	CS76394	asia
10012	MPI	Istisu-1	AZE	38.9786	48.5594	James Beck	CS76389	italy_balkan_caucasus
10013	MPI	Lerik1-3	AZE	38.7406	48.6131	James Beck	CS76388	italy_balkan_caucasus
10014	MPI	Xan-1	AZE	38.6536	48.7992	James Beck	CS76387	italy_balkan_caucasus
10015	MPI	Sha / Ara-1	AFG	37.29	71.3		CS76382	asia
10017	MPI	ICE21 / Petro-1	SRB	44.34	21.46		CS76370	central_europe
10018	MPI	ICE36 / Dobra-1	SRB	44.84	20.16		CS76369	central_europe
10020	MPI	Jl-2	CZE	49.17	16.5		CS76956	central_europe
10022	MPI	Uk-3	GER	48.0333	7.7667	Albert Kranz	CS78777	admixed
10023	MPI	Strand-1	NOR	68.8	15.45		CS77284	admixed
10027	MPI	Uk-6	GER	48.02838	7.765567	Eunyoung Chae	CS78938	central_europe
14312	GMI	Kos-1	RUS	62.02	34.12	Magnus Nordborg	CS78923	asia
14313	GMI	Kos-2	RUS	62.02	34.12	Magnus Nordborg	CS78924	asia
14314	GMI	Radk-1	RUS	61.59	35.11	Magnus Nordborg	CS78927	asia
14315	GMI	Radk-2	RUS	61.59	35.11	Magnus Nordborg	CS78928	asia
14318	GMI	Shu-1	RUS	61.94	34.24	Magnus Nordborg	CS78930	asia
14319	GMI	Shu-2	RUS	61.94	34.24	Magnus Nordborg	CS78931	asia
15560	GMI	Valm	RUS	61.37	61.37	Magnus Nordborg	CS78932	asia
15591	GMI	OOE1-1	AUT	48.3315333	14.72665	Wolfram Weckwert	CS78939	central_europe
15592	GMI	OOE3-1	AUT	48.3314667	14.7158667	Wolfram Weckwert	CS78940	central_europe
15593	GMI	OOE3-2	AUT	48.3314667	14.7158667	Wolfram Weckwert	CS78941	central_europe
18694	GMI	Pien	RUS	60.4	32.09	Magnus Nordborg	CS78926	asia
18696	GMI	Samm	RUS	61.57	30.63	Magnus Nordborg	CS78929	asia
19949	GMI	OOE2-1	AUT	48.3268333	14.7181667	Wolfram Weckwert	CS79036	central_europe
19950	GMI	OOE2-2	AUT	48.3268333	14.7181667	Wolfram Weckwert	CS79037	central_europe
19951	GMI	OOE23	AUT	48.3268333	14.7181667	Wolfram Weckwert	CS79038	central_europe
